income,death
292134,596.0
219633,503.0
68257,1498.0
290896,16.0
130864,503.0
76706,934.0
45034,599.0
134590,466.0
276435,10.0
241175,565.0
36517,795.0
101579,237.0
272280,450.0
129442,250.0
187219,341.0
221819,570.0
189723,54.0
109774,135.0
12054,670.0
221050,59.0
283079,298.0
85654,795.0
36000,787.0
139169,29.0
81519,768.0
60518,740.0
60086,1147.0
140433,524.0
249382,59.0
121521,17.0
40564,162.0
60860,1147.0
123990,520.0
130274,282.0
114276,510.0
16380,597.0
101265,570.0
192154,436.0
299643,423.0
241480,165.0
146646,257.0
208551,112.0
97518,536.0
222668,98.0
21378,330.0
40832,932.0
232490,74.0
195548,404.0
44586,983.0
207464,307.0
20952,1113.0
220782,446.0
149381,21.0
81945,624.0
123966,1.0
61002,852.0
100252,259.0
87874,1068.0
219671,579.0
73851,127.0
149632,116.0
34506,738.0
18551,251.0
112818,597.0
91505,287.0
137569,520.0
170996,174.0
65999,122.0
39937,1099.0
279553,473.0
210247,186.0
104591,202.0
210425,26.0
81253,961.0
25883,174.0
198932,388.0
32693,237.0
224961,510.0
70480,992.0
261050,363.0
273529,16.0
167781,450.0
285720,165.0
55821,1024.0
39779,1445.0
143225,119.0
220496,441.0
297285,536.0
253909,522.0
194303,587.0
235504,255.0
65416,244.0
231956,50.0
251570,78.0
199564,182.0
279104,11.0
73371,1272.0
180524,162.0
231902,275.0
95469,986.0
95267,1251.0
127106,547.0
167346,357.0
155714,471.0
104800,448.0
6410,1276.0
256722,390.0
181349,241.0
15946,507.0
157844,270.0
119711,72.0
202065,5.0
34447,1228.0
7910,459.0
97295,1374.0
157758,562.0
231233,223.0
37367,349.0
157145,82.0
42891,1037.0
56319,747.0
171147,62.0
182007,21.0
242937,392.0
180384,589.0
134864,493.0
172925,107.0
164964,490.0
161549,267.0
164169,326.0
48828,208.0
6372,539.0
281421,576.0
9447,231.0
132957,282.0
223716,514.0
192304,486.0
237062,61.0
252831,339.0
184508,198.0
226040,460.0
48026,434.0
152184,463.0
261649,484.0
210579,103.0
260052,17.0
28312,1329.0
54055,1282.0
53543,214.0
180447,235.0
48564,729.0
73027,1003.0
285899,212.0
224591,121.0
16606,877.0
85776,1163.0
85962,1455.0
97846,1185.0
151600,440.0
125207,587.0
265161,38.0
32643,1245.0
146372,80.0
78595,1048.0
121490,245.0
7813,866.0
93319,149.0
187958,431.0
153232,504.0
281733,37.0
139425,131.0
51989,1431.0
3720,1194.0
107931,94.0
162892,449.0
55194,1032.0
8431,109.0
44332,354.0
75275,613.0
8694,134.0
28927,541.0
15285,1313.0
280609,499.0
105593,341.0
118580,392.0
219335,359.0
247722,383.0
187076,500.0
117881,295.0
189283,377.0
89376,285.0
39818,544.0
193678,164.0
295247,141.0
230334,78.0
175868,249.0
250278,490.0
16910,833.0
203340,256.0
144824,109.0
184376,323.0
286707,324.0
101474,132.0
62476,945.0
165695,582.0
110921,29.0
47478,800.0
213031,545.0
142072,195.0
70782,1131.0
33955,1313.0
240431,253.0
249035,332.0
87494,986.0
141597,152.0
98718,792.0
263024,481.0
295381,229.0
187123,487.0
56100,425.0
169271,436.0
247492,341.0
237753,153.0
89070,1013.0
154438,79.0
122165,60.0
86598,1424.0
110792,191.0
146221,326.0
251380,306.0
10075,754.0
277759,294.0
96241,559.0
103472,227.0
279288,153.0
72611,443.0
222830,338.0
250813,311.0
161587,6.0
74157,401.0
243135,311.0
95978,756.0
259470,327.0
92997,406.0
215824,202.0
74569,394.0
241397,529.0
270673,21.0
50951,127.0
282685,599.0
16738,226.0
270525,88.0
199069,100.0
129236,240.0
9676,1203.0
143648,502.0
129726,78.0
97011,517.0
70892,437.0
216784,277.0
271325,4.0
85184,275.0
161545,42.0
190349,497.0
110164,509.0
6297,585.0
172824,596.0
75336,1224.0
47162,165.0
127847,330.0
207756,522.0
55423,722.0
77458,756.0
133577,499.0
48471,518.0
95824,1500.0
134956,323.0
110917,46.0
289742,344.0
161871,530.0
43070,218.0
81253,820.0
159558,386.0
236614,114.0
116912,508.0
230720,377.0
112967,373.0
187803,5.0
68810,577.0
139317,103.0
197140,412.0
86383,539.0
33401,502.0
260482,504.0
151731,165.0
235740,478.0
62181,1018.0
274873,367.0
109935,594.0
252422,403.0
280931,402.0
2567,1291.0
242769,95.0
131448,592.0
156720,228.0
43686,231.0
32781,857.0
253173,101.0
37392,233.0
105238,165.0
223802,61.0
14070,1226.0
211965,196.0
117708,111.0
99984,1345.0
255085,74.0
133777,128.0
280417,421.0
69261,404.0
377,541.0
144800,320.0
253305,346.0
56844,158.0
114413,540.0
290073,322.0
55710,1445.0
147179,365.0
222193,358.0
106347,259.0
240493,187.0
153254,29.0
63795,569.0
287680,186.0
54899,421.0
190490,583.0
74556,214.0
209483,271.0
222464,393.0
141648,557.0
97168,659.0
209371,520.0
250715,512.0
204068,107.0
228653,579.0
233781,399.0
202635,301.0
95795,594.0
244361,357.0
47666,468.0
19486,273.0
187282,539.0
220984,151.0
86228,898.0
243325,288.0
267781,449.0
89121,277.0
234316,424.0
225849,221.0
44451,102.0
155444,407.0
190039,32.0
4595,194.0
297850,101.0
22098,632.0
8642,561.0
48157,579.0
122554,541.0
201014,533.0
244969,119.0
53994,250.0
67872,1272.0
255372,476.0
219308,36.0
128507,250.0
226482,110.0
220209,94.0
253141,104.0
239802,146.0
9142,1468.0
91675,1289.0
291644,214.0
12110,1154.0
184787,259.0
113900,91.0
210950,511.0
51350,753.0
272782,0.0
138194,510.0
268462,346.0
143197,418.0
167251,377.0
31351,1017.0
4730,921.0
248444,16.0
104983,481.0
237366,277.0
205329,100.0
280197,182.0
247126,544.0
234090,437.0
261426,392.0
252669,387.0
122514,235.0
146167,286.0
27924,272.0
186902,17.0
35778,640.0
121288,364.0
47646,889.0
24539,661.0
184528,376.0
63854,1182.0
183154,12.0
266698,386.0
13777,405.0
198363,362.0
154812,346.0
92794,243.0
37437,1158.0
130403,532.0
293462,284.0
284417,34.0
82515,529.0
134338,403.0
294021,415.0
236915,310.0
263033,20.0
50366,1360.0
38919,643.0
238906,226.0
208166,416.0
13720,1203.0
168559,102.0
282721,513.0
18842,159.0
45391,645.0
70060,999.0
216033,415.0
284654,463.0
250047,339.0
209444,200.0
58956,553.0
241724,86.0
5509,1295.0
54138,105.0
289467,600.0
145635,316.0
61074,250.0
124476,101.0
186291,423.0
105045,518.0
287884,35.0
92837,894.0
127678,440.0
156191,76.0
124835,181.0
131282,70.0
8099,1344.0
276123,600.0
89302,315.0
21223,353.0
228013,152.0
266876,34.0
278255,477.0
163994,157.0
65749,952.0
24532,355.0
35392,849.0
198360,520.0
112951,432.0
185058,583.0
232105,236.0
110582,582.0
220633,428.0
166997,512.0
240297,504.0
132578,102.0
574,457.0
216427,593.0
246010,424.0
58334,979.0
65272,851.0
190107,542.0
266045,132.0
33411,1049.0
201167,48.0
86480,502.0
208864,124.0
246505,556.0
53509,820.0
248323,513.0
168811,120.0
72566,357.0
10388,349.0
142468,28.0
50045,728.0
130666,301.0
182522,391.0
265132,550.0
271043,85.0
86234,557.0
94411,101.0
48064,624.0
215521,504.0
94220,545.0
154010,210.0
254488,527.0
138827,83.0
65153,1375.0
209282,218.0
278954,504.0
161712,132.0
264376,214.0
226576,466.0
226808,269.0
9542,558.0
5658,1226.0
293238,245.0
278567,470.0
189626,222.0
57227,1425.0
130960,280.0
275189,397.0
54234,1157.0
44188,600.0
76781,991.0
288884,395.0
204975,429.0
286161,12.0
175440,356.0
63695,340.0
234073,499.0
156955,570.0
15969,590.0
118754,465.0
108891,141.0
174586,503.0
253439,383.0
271218,27.0
297397,556.0
57434,770.0
87946,874.0
44467,815.0
136741,442.0
7863,132.0
126354,64.0
241706,535.0
182964,582.0
4702,641.0
79571,1380.0
35147,302.0
55560,602.0
294039,218.0
8804,1098.0
80936,843.0
52528,650.0
3785,514.0
169446,31.0
122920,15.0
37790,1165.0
116693,512.0
194639,282.0
147500,443.0
272019,330.0
272888,66.0
76808,1275.0
108618,467.0
202648,102.0
237602,39.0
47789,310.0
131211,240.0
81549,997.0
139658,183.0
206481,529.0
85842,1357.0
217702,255.0
65808,1495.0
57935,437.0
217095,21.0
167376,297.0
20184,1346.0
22033,347.0
142051,339.0
255241,394.0
215026,335.0
231413,255.0
255383,437.0
165167,43.0
271088,55.0
52089,956.0
77363,1418.0
31493,1196.0
5709,930.0
248484,85.0
64819,412.0
252468,108.0
262262,467.0
179821,37.0
111466,344.0
270975,37.0
116237,392.0
116004,406.0
146761,270.0
274287,532.0
181784,385.0
211504,65.0
52231,660.0
173039,223.0
120784,157.0
159580,99.0
86447,937.0
255153,519.0
153730,294.0
121035,190.0
8935,1165.0
113713,316.0
101576,140.0
78665,1209.0
68938,1500.0
284314,514.0
223293,549.0
229834,81.0
239064,36.0
247147,415.0
297737,276.0
247495,161.0
159804,376.0
45717,154.0
3268,1208.0
44513,1004.0
78664,890.0
206668,390.0
76925,300.0
244079,521.0
69969,416.0
99679,1470.0
216423,300.0
79940,468.0
57098,830.0
121804,337.0
66030,1424.0
240830,537.0
246362,270.0
155030,56.0
238761,64.0
213566,562.0
270665,27.0
177645,29.0
90768,636.0
21048,808.0
25678,345.0
97233,723.0
52177,967.0
88896,837.0
256557,489.0
8013,497.0
185921,277.0
167105,310.0
43156,359.0
215028,599.0
273325,354.0
182238,588.0
199993,559.0
733,1095.0
102484,544.0
163556,474.0
100269,405.0
226818,379.0
213567,569.0
174697,435.0
156833,509.0
283263,65.0
74683,456.0
67502,342.0
155678,572.0
241412,197.0
203835,103.0
257792,128.0
284675,460.0
179277,68.0
7469,477.0
157865,499.0
201679,298.0
26762,1245.0
150865,600.0
84432,539.0
119805,478.0
296648,305.0
253947,442.0
21180,914.0
61717,1156.0
7421,125.0
140885,97.0
17478,258.0
249631,259.0
82501,581.0
125186,141.0
171778,491.0
228045,134.0
112516,221.0
129780,40.0
162084,599.0
285235,103.0
230236,7.0
137480,126.0
154691,472.0
186322,444.0
105408,146.0
121528,399.0
276400,319.0
30910,708.0
43180,632.0
175815,106.0
167263,354.0
176494,126.0
19425,1342.0
10484,1331.0
109320,392.0
142178,323.0
108563,525.0
292959,414.0
207397,464.0
194735,70.0
112435,403.0
270403,248.0
259284,446.0
146922,159.0
45818,213.0
20866,986.0
56441,611.0
22950,435.0
272580,447.0
199744,372.0
154640,20.0
294383,574.0
31599,531.0
279960,103.0
76682,251.0
256527,195.0
270825,553.0
137884,247.0
132934,593.0
102731,227.0
1792,288.0
217538,319.0
298499,278.0
93273,1059.0
125709,383.0
127201,245.0
14170,844.0
146328,180.0
292465,203.0
224356,215.0
284501,160.0
155702,395.0
227549,344.0
64562,1273.0
37132,413.0
53681,1356.0
169629,599.0
60304,468.0
242202,522.0
227248,335.0
24162,295.0
117906,426.0
154655,558.0
170344,2.0
187999,98.0
50888,1323.0
148267,528.0
52301,391.0
235883,395.0
97349,1241.0
285819,197.0
84230,1461.0
165620,172.0
194863,394.0
207111,384.0
101504,130.0
134290,3.0
146742,580.0
169936,170.0
153428,185.0
222761,554.0
139248,147.0
186320,233.0
130892,16.0
13853,375.0
44006,422.0
13895,1283.0
53536,1414.0
32531,167.0
226925,557.0
166276,488.0
226023,399.0
46665,838.0
224403,64.0
42657,1085.0
73654,461.0
222407,380.0
224612,558.0
116091,178.0
231109,428.0
208612,420.0
59783,1306.0
249105,196.0
83357,1297.0
270009,415.0
196959,34.0
97628,1499.0
283290,285.0
76434,1294.0
230104,493.0
297923,158.0
57713,888.0
19701,812.0
178074,406.0
64050,893.0
158133,287.0
151350,572.0
37214,588.0
259483,92.0
87237,691.0
115303,283.0
154544,216.0
68811,1392.0
258532,531.0
59114,191.0
201320,224.0
129957,478.0
95564,916.0
247813,491.0
251336,58.0
227792,507.0
109809,572.0
258731,387.0
149900,503.0
197937,580.0
27235,1011.0
264434,247.0
173817,368.0
267541,149.0
237932,81.0
228414,62.0
85937,519.0
217811,378.0
148981,252.0
132574,16.0
154341,20.0
64727,546.0
210444,451.0
297877,565.0
131507,148.0
51665,727.0
248654,309.0
216082,192.0
189091,2.0
217645,114.0
251077,74.0
72633,1264.0
269401,383.0
147019,424.0
166199,104.0
222224,265.0
271169,130.0
251979,332.0
27793,474.0
204070,561.0
180192,253.0
227243,50.0
178651,577.0
202574,496.0
28275,486.0
162361,400.0
106036,499.0
175309,2.0
222439,575.0
192902,0.0
89684,821.0
201810,110.0
174701,344.0
83597,586.0
61022,209.0
86025,857.0
193884,471.0
185261,569.0
40421,1302.0
122564,14.0
45896,1415.0
225552,319.0
78440,1120.0
194341,233.0
197390,181.0
49832,1303.0
296800,355.0
258033,299.0
119657,324.0
201978,149.0
295011,36.0
15093,541.0
211693,46.0
173557,353.0
15953,449.0
278380,567.0
17379,371.0
244469,52.0
229831,527.0
171750,528.0
30916,892.0
175142,454.0
223653,329.0
158336,109.0
222779,384.0
261987,258.0
223275,374.0
97710,1427.0
125806,276.0
209784,557.0
34055,109.0
158058,540.0
47438,1468.0
112573,165.0
16022,975.0
10561,695.0
24363,173.0
216402,370.0
97959,374.0
159423,428.0
258269,396.0
168088,394.0
140534,297.0
244304,319.0
131348,168.0
269809,537.0
46663,988.0
282557,580.0
292251,70.0
129859,348.0
249986,492.0
238428,215.0
179896,8.0
72269,427.0
62433,367.0
211798,108.0
259139,86.0
36927,132.0
141057,588.0
270236,517.0
197421,165.0
27839,1163.0
152198,167.0
19662,855.0
49172,743.0
193211,316.0
290923,83.0
215443,499.0
167201,307.0
164830,598.0
212433,239.0
104207,131.0
46724,776.0
97870,401.0
109822,123.0
17112,1136.0
13943,861.0
265906,379.0
93273,175.0
36545,1485.0
109562,384.0
168967,598.0
120124,318.0
239412,277.0
110731,130.0
271364,492.0
206430,325.0
243586,339.0
110609,286.0
130159,397.0
114402,435.0
95215,674.0
39459,537.0
258537,144.0
11691,504.0
31097,1213.0
112855,504.0
262559,407.0
161460,199.0
63157,684.0
106493,434.0
225022,127.0
279443,281.0
191406,562.0
130946,404.0
290545,306.0
92466,228.0
209428,471.0
99666,491.0
7865,908.0
191927,534.0
30008,982.0
46906,280.0
197525,437.0
44730,437.0
255272,276.0
181230,109.0
126633,292.0
299581,185.0
290223,577.0
223970,320.0
82180,1011.0
298664,498.0
22187,1125.0
119669,328.0
267752,411.0
115671,454.0
76129,1480.0
150579,143.0
115943,283.0
141855,109.0
41323,614.0
32920,1085.0
51601,574.0
183537,434.0
197128,115.0
57813,734.0
31577,326.0
148441,172.0
216067,105.0
6291,926.0
53730,1063.0
163545,96.0
211803,374.0
291841,325.0
3908,1361.0
257414,112.0
238179,311.0
265705,261.0
211178,155.0
237335,419.0
36328,1269.0
141898,64.0
144541,300.0
36969,1078.0
91597,954.0
161691,148.0
78827,991.0
189077,419.0
110500,330.0
284702,27.0
40415,916.0
243492,167.0
248549,286.0
112082,156.0
295647,243.0
155658,356.0
121841,432.0
166380,475.0
157128,158.0
221599,52.0
151063,304.0
25637,612.0
233356,585.0
150171,238.0
252252,308.0
265083,103.0
279427,187.0
105454,325.0
299219,235.0
17152,497.0
221016,117.0
58713,1013.0
43240,1066.0
214718,512.0
240196,82.0
37389,1176.0
204775,561.0
201509,13.0
233139,515.0
112007,99.0
159691,76.0
38324,1494.0
3176,877.0
189771,65.0
93242,527.0
256212,240.0
262122,394.0
132434,219.0
286012,404.0
298882,172.0
4650,1441.0
214166,479.0
24591,612.0
194665,555.0
16415,664.0
57432,744.0
94095,857.0
208195,79.0
238641,237.0
173664,343.0
37287,1094.0
76656,660.0
288774,240.0
165334,439.0
101151,253.0
95117,1322.0
122020,354.0
213159,93.0
157764,149.0
22434,1073.0
91111,949.0
217605,504.0
156836,70.0
235492,525.0
263528,454.0
270164,70.0
120457,318.0
137679,35.0
236767,265.0
251372,340.0
221407,298.0
20302,1375.0
293786,196.0
148704,243.0
261876,364.0
216085,434.0
59878,1037.0
286108,471.0
112638,97.0
9273,106.0
7204,607.0
46616,1223.0
40811,1306.0
117691,24.0
35376,780.0
785,1306.0
61759,1347.0
213226,30.0
299445,384.0
129489,428.0
268003,376.0
43615,607.0
169784,11.0
281834,548.0
29697,792.0
245862,358.0
184292,537.0
4189,683.0
225043,391.0
223108,330.0
244938,286.0
183321,217.0
196230,233.0
10374,992.0
261458,457.0
268121,377.0
8368,673.0
103754,539.0
294574,317.0
32175,695.0
14257,585.0
257436,360.0
120814,499.0
48781,713.0
281737,122.0
49706,628.0
80993,1468.0
50555,661.0
6564,497.0
192594,416.0
167770,458.0
76186,1066.0
108231,155.0
110739,71.0
110384,119.0
254833,52.0
281230,424.0
186896,39.0
25945,316.0
17790,461.0
244799,29.0
236756,85.0
189220,178.0
217372,4.0
192782,32.0
30708,1242.0
44165,672.0
299007,324.0
152131,305.0
2858,1485.0
24860,1497.0
165787,285.0
157607,508.0
81575,363.0
95789,940.0
64351,827.0
243945,194.0
54489,115.0
267271,410.0
23303,782.0
91679,559.0
194060,418.0
143472,374.0
165650,344.0
8241,490.0
63728,918.0
229960,496.0
165260,387.0
50772,936.0
141090,249.0
231319,313.0
141046,127.0
140234,437.0
182314,523.0
76736,426.0
144413,6.0
137933,582.0
135991,115.0
165835,135.0
271471,10.0
290253,441.0
110943,300.0
34892,1358.0
79144,117.0
157427,56.0
109499,595.0
240579,545.0
295034,378.0
89643,1403.0
60973,1418.0
283251,360.0
9467,607.0
235846,409.0
150847,571.0
43040,625.0
67145,658.0
233897,213.0
133525,189.0
121531,535.0
45727,284.0
139847,525.0
155785,99.0
113007,343.0
47673,875.0
261649,252.0
135274,524.0
215143,88.0
20513,144.0
146856,580.0
186486,33.0
193509,475.0
190781,556.0
4185,243.0
187031,118.0
89538,1293.0
290323,250.0
252461,441.0
40927,243.0
38607,760.0
52854,650.0
55476,833.0
138762,83.0
150902,498.0
293753,388.0
99132,1396.0
118343,289.0
202467,297.0
27089,611.0
9146,276.0
152647,193.0
72019,274.0
126580,261.0
86416,864.0
60447,1415.0
202613,108.0
168797,183.0
19988,362.0
280487,574.0
247560,394.0
63576,1373.0
198951,218.0
268128,198.0
227201,539.0
47077,284.0
56939,1375.0
217819,154.0
258500,307.0
64789,234.0
263223,593.0
126828,138.0
259354,430.0
289847,576.0
111328,5.0
103763,49.0
9971,747.0
187032,101.0
165839,401.0
288227,547.0
298016,278.0
253076,161.0
218850,484.0
89090,113.0
245074,417.0
281354,329.0
77307,396.0
13633,1281.0
29004,191.0
193540,403.0
97794,882.0
291183,587.0
245620,552.0
126665,129.0
7422,1278.0
263817,416.0
19060,567.0
122398,350.0
232520,137.0
107617,42.0
187398,191.0
66560,1359.0
155214,337.0
252369,426.0
242853,126.0
202401,535.0
157569,173.0
225595,161.0
111443,542.0
183264,401.0
221164,557.0
264806,114.0
192691,128.0
264043,27.0
122138,168.0
293087,593.0
264322,453.0
195519,156.0
230840,281.0
88335,256.0
155199,151.0
46795,1051.0
54287,479.0
73500,678.0
118263,546.0
24614,464.0
8056,1389.0
35824,1143.0
200941,280.0
274251,167.0
287437,600.0
171595,456.0
169694,354.0
273900,508.0
97387,742.0
149253,378.0
135926,495.0
87727,865.0
78699,1199.0
83407,384.0
91641,278.0
244396,196.0
222231,358.0
227140,37.0
214986,308.0
87448,1195.0
253456,103.0
31862,254.0
163088,570.0
22815,622.0
231431,494.0
135344,438.0
287695,569.0
35476,284.0
276014,55.0
10271,1241.0
237118,155.0
153509,152.0
108178,206.0
237064,531.0
81844,446.0
261178,392.0
211329,217.0
70641,1403.0
15823,948.0
214872,146.0
149232,340.0
72046,137.0
212546,494.0
22086,1463.0
133957,175.0
138200,194.0
47347,787.0
24889,639.0
217967,514.0
17407,646.0
30369,1371.0
178560,154.0
90338,1063.0
293204,335.0
125491,161.0
248111,421.0
270367,139.0
293567,592.0
215499,85.0
46689,849.0
227102,176.0
163326,568.0
201123,238.0
281036,390.0
258254,491.0
52489,648.0
174972,489.0
230858,551.0
29593,1186.0
191624,403.0
30110,575.0
156884,188.0
105407,186.0
115105,469.0
56651,466.0
105538,593.0
176090,188.0
73884,1413.0
263531,158.0
21564,537.0
128201,122.0
284317,150.0
21796,383.0
38965,1257.0
148104,25.0
246500,494.0
84258,528.0
210280,564.0
181082,519.0
290323,153.0
195726,93.0
214270,131.0
176234,566.0
44023,1131.0
623,421.0
202815,58.0
222413,89.0
115407,51.0
225430,107.0
67860,1213.0
171249,490.0
67164,796.0
144515,421.0
236071,358.0
90596,526.0
236799,346.0
160073,257.0
160529,330.0
28802,353.0
164758,235.0
265287,292.0
77741,947.0
232605,129.0
267406,284.0
179184,421.0
34955,480.0
143161,80.0
18852,358.0
177642,548.0
89887,476.0
298595,394.0
190123,248.0
257605,494.0
27022,1445.0
116720,168.0
170591,158.0
298789,476.0
172764,60.0
92078,1118.0
277075,51.0
23894,1161.0
79020,587.0
149108,453.0
90280,1011.0
64958,430.0
292676,406.0
251258,363.0
282473,330.0
195650,68.0
267076,11.0
55183,1235.0
143185,3.0
22003,615.0
244770,250.0
116883,355.0
130034,55.0
22885,750.0
252871,102.0
289149,143.0
42153,744.0
273970,581.0
151124,251.0
27551,1420.0
35110,395.0
184905,585.0
73938,1255.0
46629,532.0
86701,143.0
200102,521.0
108580,275.0
293256,178.0
224929,95.0
43777,736.0
293971,495.0
32082,1220.0
276577,182.0
45378,941.0
175307,304.0
37087,656.0
261961,128.0
68239,1433.0
51112,101.0
279355,376.0
7048,1315.0
64141,592.0
89229,1396.0
267328,366.0
142294,168.0
112745,392.0
113476,557.0
73440,325.0
196046,350.0
215570,349.0
227385,373.0
219666,586.0
244675,188.0
192991,258.0
298406,541.0
2684,315.0
51541,1293.0
274532,410.0
198260,284.0
220610,372.0
121805,364.0
4331,1220.0
208945,377.0
190662,455.0
53585,419.0
76616,278.0
119578,29.0
182723,406.0
176240,270.0
285050,262.0
150830,245.0
102845,133.0
174347,187.0
73029,149.0
235422,594.0
293096,393.0
60675,673.0
187766,123.0
181689,137.0
63411,581.0
266571,7.0
187104,254.0
193187,155.0
171608,57.0
278008,279.0
201539,71.0
212802,230.0
293259,134.0
250304,430.0
109866,150.0
125681,68.0
20050,1086.0
32125,582.0
140817,344.0
219672,110.0
291920,359.0
298384,164.0
95044,1248.0
248161,366.0
44580,827.0
224652,157.0
124322,316.0
200368,216.0
111669,200.0
221597,43.0
115720,241.0
119135,420.0
273849,514.0
228383,205.0
60822,730.0
135675,549.0
48808,1078.0
2456,1173.0
292845,22.0
228328,561.0
58271,1156.0
133122,498.0
21506,975.0
202839,113.0
185844,122.0
209579,195.0
258627,443.0
159098,391.0
247541,266.0
168417,251.0
81090,761.0
57469,841.0
135757,520.0
54583,1489.0
230194,300.0
93840,791.0
190407,245.0
139492,311.0
196130,126.0
231928,108.0
146521,33.0
212611,166.0
250472,162.0
86156,1394.0
277961,376.0
186778,476.0
154445,303.0
49913,906.0
148163,219.0
94179,1175.0
169765,542.0
3158,496.0
290633,345.0
45608,1225.0
214004,382.0
99789,551.0
223577,42.0
96141,770.0
97413,279.0
288916,338.0
4335,106.0
5602,325.0
92978,572.0
142791,385.0
149276,277.0
222995,502.0
194238,187.0
62090,1100.0
16843,849.0
267015,498.0
118352,212.0
255130,99.0
224642,448.0
121226,580.0
119504,539.0
173502,375.0
15224,212.0
243416,152.0
223324,287.0
196964,119.0
88579,315.0
13452,638.0
130826,110.0
93068,1312.0
175000,590.0
70250,478.0
217296,237.0
243008,168.0
202390,475.0
253698,331.0
23991,1207.0
267486,145.0
59165,367.0
85550,1013.0
179354,141.0
235974,240.0
215797,385.0
52325,115.0
105356,213.0
145553,590.0
133790,392.0
131935,511.0
179512,414.0
23121,915.0
287211,255.0
208494,416.0
127319,449.0
44212,1132.0
73069,777.0
204915,366.0
95496,319.0
275819,203.0
266819,374.0
4789,283.0
82716,130.0
126770,56.0
143830,491.0
220666,18.0
153026,552.0
161250,258.0
128747,530.0
124600,296.0
147818,557.0
258738,413.0
62135,717.0
222130,68.0
16528,580.0
23942,1209.0
172879,317.0
286768,596.0
102680,65.0
47748,947.0
278113,568.0
65168,1154.0
284687,116.0
219982,54.0
162473,511.0
91900,842.0
20045,908.0
204061,149.0
251077,501.0
137555,488.0
223165,235.0
229786,311.0
290289,536.0
215550,83.0
175965,458.0
45566,1373.0
279855,93.0
198937,507.0
67805,1044.0
11710,196.0
191236,336.0
88177,190.0
243177,163.0
165464,288.0
296293,434.0
20093,1048.0
195292,575.0
286485,18.0
126357,131.0
241326,205.0
240710,246.0
223027,70.0
289438,533.0
124614,39.0
130624,11.0
3502,1085.0
114127,294.0
206560,67.0
185536,524.0
267154,390.0
41592,1437.0
264220,77.0
44875,472.0
102029,499.0
144430,598.0
89249,1053.0
54151,283.0
179608,494.0
250882,136.0
142273,337.0
6518,1243.0
209526,189.0
152199,203.0
64799,775.0
34331,1035.0
88333,1023.0
243015,108.0
71294,584.0
233558,68.0
185921,372.0
120278,283.0
154429,236.0
167327,235.0
29146,969.0
3689,697.0
225465,158.0
231523,525.0
199073,428.0
162151,270.0
56245,1044.0
79279,216.0
73190,735.0
250294,77.0
188028,240.0
111719,362.0
128105,548.0
185120,562.0
30135,437.0
258499,149.0
149974,141.0
77548,1425.0
22710,570.0
179643,453.0
240706,45.0
255263,201.0
123040,406.0
298258,31.0
103743,378.0
106546,539.0
81575,1419.0
270774,557.0
235027,72.0
162988,118.0
212390,555.0
244211,397.0
215934,446.0
57019,1377.0
239580,356.0
37722,1362.0
33070,1447.0
237819,477.0
177261,587.0
124379,277.0
254762,406.0
196059,397.0
172419,222.0
179648,46.0
175853,198.0
78403,501.0
162705,290.0
98197,105.0
114783,492.0
272069,355.0
178107,527.0
169230,324.0
214175,59.0
66270,973.0
227071,321.0
123278,294.0
153514,179.0
163439,0.0
292736,584.0
77715,672.0
82732,1095.0
89410,1145.0
24277,1068.0
147867,521.0
207123,513.0
13598,1345.0
35698,1493.0
67421,532.0
147063,201.0
216912,339.0
248289,237.0
239387,347.0
167484,186.0
266446,376.0
241119,427.0
68551,1011.0
137479,341.0
251296,238.0
187245,286.0
147122,424.0
131575,518.0
26583,1012.0
278744,393.0
241319,62.0
204571,382.0
56294,580.0
185707,198.0
232991,200.0
129037,489.0
28529,765.0
140354,185.0
195469,171.0
10455,588.0
130421,473.0
82898,400.0
289773,300.0
223718,525.0
94885,690.0
270817,600.0
109427,276.0
211930,594.0
290509,446.0
279252,491.0
50208,716.0
55947,922.0
88775,276.0
61888,977.0
172048,222.0
114564,583.0
145539,383.0
287295,217.0
193668,42.0
127604,329.0
200105,369.0
105686,351.0
38364,1040.0
11378,947.0
101287,508.0
297396,328.0
78255,835.0
9961,837.0
48031,1318.0
84424,536.0
78026,214.0
156223,73.0
138911,564.0
271232,20.0
58229,206.0
58439,980.0
66578,993.0
99487,204.0
108028,266.0
135205,217.0
292888,406.0
4896,1482.0
124753,281.0
11332,1375.0
257163,596.0
90031,525.0
271208,351.0
3747,1345.0
255118,438.0
56941,393.0
158630,417.0
161191,492.0
225963,445.0
31885,222.0
12205,998.0
154641,516.0
121096,587.0
128531,573.0
229214,102.0
136223,576.0
288048,339.0
107999,306.0
264288,480.0
159671,366.0
280460,243.0
20352,506.0
141682,77.0
116306,419.0
140140,229.0
238477,498.0
94249,1428.0
207739,213.0
215614,32.0
230979,58.0
41929,1240.0
259612,93.0
109196,553.0
174742,502.0
148196,474.0
247508,408.0
195133,184.0
268854,77.0
268165,91.0
193116,232.0
54924,210.0
109066,563.0
153240,556.0
212705,479.0
93574,1128.0
57940,1426.0
123678,11.0
75802,520.0
283997,41.0
40447,995.0
160836,584.0
82526,628.0
263263,357.0
212206,80.0
127436,149.0
268386,64.0
138535,533.0
116796,304.0
192179,410.0
293526,541.0
3640,1234.0
271955,26.0
70710,860.0
287196,327.0
107345,121.0
179831,456.0
38765,1164.0
137745,490.0
102765,320.0
175987,577.0
182476,120.0
45261,847.0
51248,1439.0
195220,443.0
69354,127.0
10408,181.0
294567,481.0
184187,348.0
155486,212.0
190025,460.0
123343,497.0
290277,463.0
66324,736.0
132470,86.0
206077,266.0
143473,343.0
101737,557.0
159838,413.0
61219,1305.0
117113,219.0
83772,385.0
116352,419.0
52997,1389.0
20757,416.0
277510,516.0
155737,458.0
96495,887.0
257287,401.0
180510,379.0
5372,211.0
107640,402.0
151912,298.0
218755,578.0
249230,84.0
238627,12.0
190339,499.0
179416,68.0
160098,459.0
114745,323.0
225351,493.0
6215,253.0
264527,46.0
151795,11.0
179967,380.0
278231,313.0
1598,556.0
175229,428.0
142267,413.0
165334,577.0
104420,441.0
99970,1248.0
88097,147.0
218150,581.0
180625,305.0
232252,125.0
22931,622.0
86525,1267.0
293870,359.0
171139,269.0
14160,898.0
185815,156.0
240686,90.0
143309,443.0
70166,689.0
37717,372.0
202848,264.0
79339,1351.0
183092,140.0
244893,294.0
251035,373.0
80321,580.0
202756,544.0
58583,1416.0
299716,154.0
56899,1111.0
168800,313.0
148394,2.0
73911,293.0
59506,1292.0
167727,303.0
6018,487.0
141069,42.0
28423,485.0
58824,128.0
145960,328.0
111218,209.0
91008,925.0
197628,42.0
284460,265.0
17162,176.0
250365,146.0
174295,526.0
297764,227.0
44222,754.0
273352,479.0
136313,195.0
114896,344.0
4873,1495.0
249330,425.0
104923,581.0
161979,324.0
262933,198.0
147586,223.0
162523,31.0
26034,1054.0
110848,479.0
188999,8.0
171178,378.0
89566,320.0
137515,260.0
6162,928.0
173720,573.0
124456,350.0
94346,193.0
296819,264.0
178315,310.0
174434,282.0
49385,381.0
116578,458.0
150123,472.0
79166,340.0
44047,429.0
299072,544.0
141996,401.0
183012,582.0
242581,20.0
175171,341.0
292464,475.0
147490,567.0
230434,159.0
194371,348.0
82331,316.0
81696,560.0
294091,583.0
48708,577.0
272579,53.0
266386,109.0
299454,59.0
235429,89.0
177080,436.0
62590,448.0
47672,892.0
106907,66.0
154686,506.0
242376,392.0
245185,402.0
290728,559.0
254727,85.0
64464,838.0
86285,286.0
109867,278.0
228799,373.0
10575,620.0
123139,501.0
256253,81.0
46774,1180.0
195067,86.0
110703,529.0
230416,97.0
206030,17.0
188427,573.0
287708,269.0
231205,229.0
268699,178.0
206178,197.0
83292,233.0
35676,1469.0
23028,1378.0
199044,253.0
103088,551.0
27232,332.0
287921,110.0
61921,738.0
75684,612.0
295116,114.0
281973,73.0
49321,133.0
265243,443.0
78786,200.0
14277,1187.0
15979,437.0
39607,998.0
235672,380.0
60944,1265.0
90681,704.0
73300,441.0
10487,1204.0
184564,325.0
293567,309.0
253728,575.0
103436,79.0
80036,207.0
165232,567.0
167620,287.0
143235,93.0
98856,255.0
145735,331.0
100073,454.0
24398,854.0
170656,420.0
145652,4.0
272264,379.0
214545,460.0
254794,400.0
287201,190.0
182560,184.0
97594,275.0
125204,395.0
42079,302.0
776,1033.0
64805,1195.0
81161,347.0
121120,192.0
80516,198.0
93331,1368.0
220261,107.0
6396,999.0
24293,1166.0
172556,35.0
107114,344.0
36237,310.0
244173,505.0
100326,29.0
209593,284.0
261948,411.0
69735,728.0
46562,1404.0
56505,1251.0
89974,1209.0
280547,167.0
137212,27.0
65788,680.0
143334,321.0
50915,1288.0
105068,372.0
17213,714.0
123777,34.0
187031,503.0
189807,119.0
240645,52.0
190009,52.0
179813,169.0
114834,288.0
126551,574.0
219147,119.0
6855,1360.0
238091,145.0
240408,103.0
154682,192.0
136431,226.0
66802,1417.0
45591,1352.0
11012,489.0
212943,249.0
252532,248.0
174872,496.0
111529,391.0
145094,398.0
144923,417.0
144055,113.0
79119,377.0
19834,889.0
35204,450.0
295540,283.0
187002,208.0
245856,43.0
36250,203.0
153835,406.0
241705,453.0
28052,832.0
27198,1313.0
279419,520.0
115535,97.0
268845,60.0
230158,50.0
211534,529.0
112224,573.0
97358,554.0
192716,508.0
135322,233.0
152599,373.0
5726,1109.0
219245,490.0
63631,898.0
51726,613.0
290127,282.0
129365,120.0
186695,183.0
196702,27.0
14358,1483.0
215650,552.0
239369,142.0
150484,253.0
157994,576.0
109892,44.0
107914,344.0
98803,820.0
76750,561.0
229600,40.0
47755,901.0
217396,380.0
104321,109.0
261514,252.0
35229,1399.0
223449,255.0
237036,152.0
98774,583.0
47350,740.0
75224,706.0
287494,124.0
194977,438.0
291910,178.0
105793,460.0
248591,193.0
159520,361.0
236058,310.0
50249,151.0
144876,52.0
88942,1456.0
215626,155.0
264813,310.0
60570,1277.0
299245,208.0
23721,1485.0
29252,751.0
18922,852.0
229287,244.0
234278,96.0
226171,411.0
9000,407.0
157874,61.0
17608,914.0
283005,450.0
16897,169.0
93958,120.0
129917,558.0
30075,352.0
86265,1286.0
141163,96.0
25407,1178.0
221277,230.0
280200,575.0
258029,35.0
96952,1350.0
172760,22.0
290608,25.0
98149,1345.0
33978,1145.0
267583,93.0
272542,356.0
65076,303.0
109767,260.0
138326,166.0
88355,899.0
289700,481.0
46401,1499.0
127306,1.0
973,400.0
195052,348.0
271823,196.0
226813,64.0
158655,18.0
57161,161.0
92432,1492.0
161301,414.0
284132,58.0
257577,382.0
103572,273.0
79374,550.0
274041,48.0
199989,316.0
97905,1192.0
245069,72.0
187718,514.0
128893,370.0
58519,1423.0
90995,1270.0
143107,151.0
198740,130.0
232652,19.0
81267,429.0
273208,502.0
159816,236.0
96176,820.0
147823,342.0
211485,436.0
170226,499.0
277704,110.0
278562,81.0
143742,41.0
80349,530.0
213715,597.0
261678,429.0
91877,424.0
257170,58.0
291390,207.0
268655,220.0
232584,582.0
41675,646.0
295976,333.0
61518,366.0
263735,133.0
75601,222.0
149262,368.0
150347,34.0
255189,169.0
91278,280.0
71954,266.0
130981,367.0
241511,21.0
80649,912.0
279607,550.0
72715,1319.0
250434,26.0
148767,281.0
79868,833.0
229184,51.0
195377,353.0
67170,120.0
16581,1360.0
3496,790.0
240394,489.0
215436,288.0
119337,534.0
285148,132.0
185090,169.0
260998,562.0
31793,1160.0
120399,43.0
99795,609.0
267036,379.0
150643,132.0
166500,532.0
288966,302.0
15356,907.0
129983,127.0
275117,129.0
237365,259.0
214037,546.0
175688,588.0
130024,502.0
278483,569.0
122708,347.0
80224,611.0
164099,595.0
111168,544.0
177571,157.0
255746,136.0
285860,476.0
252620,445.0
77223,281.0
96475,1407.0
138762,47.0
166431,272.0
202833,105.0
136402,295.0
103389,517.0
154767,164.0
14899,939.0
258613,389.0
142182,315.0
138199,341.0
173015,5.0
80436,266.0
243003,422.0
91485,575.0
293516,588.0
237236,270.0
2802,330.0
245984,159.0
15091,322.0
185993,144.0
260872,500.0
266607,46.0
111434,580.0
135800,551.0
132199,29.0
50196,284.0
221163,295.0
241842,227.0
159312,190.0
239092,277.0
161883,416.0
123067,24.0
79111,584.0
81687,1305.0
58755,194.0
233350,185.0
167279,235.0
132487,120.0
118177,288.0
299226,405.0
268960,137.0
152437,42.0
216869,14.0
59500,676.0
222791,38.0
106134,226.0
98645,610.0
150462,314.0
88604,648.0
267842,270.0
143228,326.0
104287,265.0
218289,301.0
175645,21.0
132547,198.0
100908,420.0
123154,331.0
48944,394.0
5703,501.0
179401,371.0
15924,710.0
294883,357.0
73554,997.0
2157,105.0
128008,138.0
29373,1429.0
40075,684.0
248778,182.0
143266,387.0
55179,1336.0
182665,366.0
253882,18.0
220610,594.0
4153,801.0
280187,441.0
54576,1361.0
125269,257.0
29288,817.0
171217,140.0
148668,198.0
20786,552.0
81603,1033.0
266416,129.0
200172,373.0
21217,520.0
1137,103.0
33876,339.0
88668,303.0
203094,174.0
56233,595.0
134504,334.0
84707,1048.0
180924,541.0
286451,389.0
296268,147.0
29222,192.0
47321,913.0
185228,49.0
282887,119.0
255172,201.0
116842,66.0
256783,477.0
247162,10.0
262772,304.0
34836,579.0
257636,486.0
98227,939.0
156532,72.0
39184,1393.0
119753,18.0
93106,642.0
2580,362.0
38457,1263.0
113297,99.0
44751,489.0
247394,2.0
156343,352.0
217459,9.0
152135,314.0
214238,501.0
280368,573.0
4565,1452.0
118296,48.0
130417,412.0
213171,129.0
211682,538.0
114534,449.0
177721,421.0
17690,723.0
70951,922.0
133617,194.0
18313,577.0
122005,435.0
12654,1133.0
51406,1413.0
41200,1057.0
48337,1033.0
150255,184.0
263741,381.0
193665,15.0
238212,211.0
238231,122.0
75671,633.0
237812,274.0
94320,221.0
206855,528.0
95558,777.0
148434,141.0
31808,398.0
257703,314.0
209557,475.0
169264,290.0
247450,380.0
56587,186.0
77076,1044.0
165538,373.0
175806,22.0
210024,339.0
88427,573.0
35463,269.0
27583,932.0
8615,752.0
108741,460.0
256683,98.0
41718,252.0
171579,120.0
294801,406.0
105479,108.0
38390,1052.0
282731,224.0
30612,124.0
224346,572.0
265695,123.0
221344,304.0
75208,334.0
206349,290.0
178840,412.0
95580,1287.0
94766,488.0
96373,165.0
265832,310.0
11181,384.0
34976,510.0
133636,69.0
79137,568.0
99911,665.0
40362,132.0
233300,6.0
107911,67.0
59714,1053.0
48883,1460.0
267060,86.0
287846,174.0
141839,581.0
234980,289.0
196824,185.0
89484,776.0
164527,546.0
91531,790.0
101845,340.0
93543,866.0
162709,255.0
180743,204.0
19016,363.0
124985,3.0
113003,375.0
41877,183.0
71341,1124.0
129923,542.0
238605,479.0
41620,1174.0
111945,125.0
267712,349.0
139967,534.0
187707,213.0
87231,1067.0
27145,1374.0
3071,864.0
160335,517.0
79175,908.0
30944,607.0
208204,369.0
229944,205.0
240815,315.0
93001,530.0
215545,517.0
225953,141.0
135199,41.0
11315,1421.0
225105,433.0
9234,566.0
250311,259.0
232281,157.0
69818,1031.0
208907,517.0
71486,482.0
177624,51.0
257119,184.0
37916,1388.0
65634,341.0
73423,1448.0
269152,363.0
206089,125.0
142052,309.0
206740,502.0
298333,488.0
81494,464.0
142156,582.0
253905,275.0
115241,410.0
231731,218.0
156008,50.0
212592,145.0
179900,452.0
274834,316.0
255482,136.0
56355,1125.0
224387,393.0
261115,459.0
292683,358.0
148310,404.0
91755,817.0
142238,429.0
79463,1188.0
24982,816.0
14822,289.0
120481,327.0
93710,269.0
230732,549.0
225370,259.0
237437,219.0
283054,118.0
45091,744.0
46798,267.0
282909,569.0
82357,502.0
162407,235.0
38434,1446.0
88506,1007.0
137255,532.0
11262,546.0
113361,584.0
256394,17.0
35560,1053.0
176275,100.0
186557,119.0
287946,329.0
127278,301.0
130688,411.0
255529,150.0
204518,440.0
232758,215.0
22272,950.0
191098,376.0
136534,398.0
299561,112.0
199284,192.0
198859,17.0
209806,516.0
98653,1288.0
238141,106.0
104367,280.0
212847,156.0
29072,518.0
148982,142.0
281983,251.0
169942,142.0
52707,489.0
108207,524.0
135450,159.0
113676,322.0
173723,228.0
110309,218.0
125275,50.0
282558,278.0
130890,505.0
177357,242.0
172708,288.0
67042,729.0
286510,322.0
265981,394.0
262628,532.0
240530,556.0
205170,128.0
38168,983.0
223429,287.0
188199,331.0
212999,551.0
235339,73.0
55516,216.0
109059,520.0
107587,573.0
120103,201.0
61695,926.0
67087,763.0
119147,471.0
54011,1107.0
184969,555.0
282051,65.0
49976,1483.0
63936,453.0
217627,39.0
143188,510.0
134808,231.0
184608,578.0
103933,476.0
284873,535.0
63730,944.0
135914,442.0
290822,79.0
74540,120.0
178454,243.0
152294,262.0
140600,366.0
36325,411.0
58241,1371.0
84031,1348.0
107779,564.0
32848,1231.0
252636,575.0
11910,1398.0
118126,382.0
242390,111.0
93213,1066.0
101250,306.0
130248,461.0
97918,951.0
2109,468.0
142321,450.0
22449,1324.0
107493,129.0
117857,515.0
285256,552.0
140223,416.0
137837,15.0
148359,257.0
176318,191.0
297509,82.0
272765,219.0
102981,525.0
191174,95.0
91087,251.0
20942,935.0
65989,251.0
124909,408.0
35550,985.0
127221,180.0
219406,474.0
288819,467.0
97925,777.0
297559,198.0
11974,888.0
197939,21.0
223918,509.0
254213,522.0
240090,465.0
144039,531.0
238153,80.0
273381,96.0
132069,242.0
286398,9.0
103437,400.0
255726,566.0
92078,990.0
198549,274.0
62102,492.0
188073,226.0
195286,470.0
167571,35.0
80163,970.0
113373,224.0
52653,267.0
129750,101.0
290018,216.0
278786,50.0
199518,109.0
196044,180.0
159362,401.0
112083,592.0
73437,1030.0
12151,1289.0
9954,625.0
244387,167.0
241162,376.0
200119,292.0
265431,426.0
252940,405.0
22295,316.0
26710,968.0
21078,882.0
941,337.0
298837,307.0
284984,591.0
81617,428.0
261638,281.0
222110,119.0
146853,531.0
19297,383.0
190755,413.0
28364,392.0
242618,385.0
36602,240.0
18191,1011.0
151929,154.0
209507,306.0
228177,362.0
248744,24.0
199418,427.0
224746,253.0
296309,137.0
14968,926.0
6025,1334.0
289399,16.0
90790,718.0
16229,174.0
29304,371.0
198469,375.0
181612,393.0
256474,399.0
172063,191.0
260025,570.0
165844,277.0
25621,1410.0
1620,953.0
51752,470.0
175019,530.0
77688,608.0
190165,112.0
103837,342.0
235910,503.0
52279,443.0
155068,25.0
157086,217.0
137618,281.0
250567,559.0
203238,284.0
26228,1362.0
179047,384.0
235796,192.0
237089,451.0
179271,456.0
275627,364.0
287813,321.0
55038,715.0
215077,308.0
162990,398.0
215093,322.0
122820,426.0
81056,1371.0
225424,503.0
33113,529.0
113939,570.0
79409,788.0
179568,212.0
261109,291.0
278169,283.0
195331,598.0
274957,257.0
118205,13.0
270938,332.0
155438,151.0
29597,464.0
44099,865.0
90388,630.0
83066,1113.0
18692,1437.0
2336,335.0
76955,585.0
211231,56.0
119081,375.0
62409,757.0
156030,260.0
122881,351.0
23266,220.0
224947,44.0
108469,481.0
192954,289.0
256565,234.0
157731,399.0
238888,274.0
280324,223.0
34762,696.0
139112,289.0
214275,298.0
176439,20.0
34862,973.0
38388,1199.0
178788,486.0
24966,536.0
236556,229.0
16456,1090.0
176059,591.0
111366,437.0
232741,141.0
149176,495.0
193749,599.0
254263,57.0
7741,1408.0
70729,1020.0
78563,215.0
281202,341.0
135806,93.0
100207,575.0
52588,1418.0
289260,172.0
161009,55.0
320,1375.0
209015,502.0
21429,653.0
150100,347.0
147574,358.0
210697,476.0
113285,287.0
148085,412.0
136521,233.0
215182,510.0
47307,448.0
290714,147.0
53346,908.0
251162,162.0
15219,1216.0
201301,358.0
70139,707.0
277995,213.0
243903,524.0
188193,14.0
185667,62.0
182855,181.0
250498,363.0
66366,1375.0
169981,42.0
69420,915.0
40822,1117.0
125095,599.0
68697,212.0
