,class,value,x
0,B,-35.610000000000014,181.0
1,C,144.0,90.0
2,C,194.64,94.0
3,C,127.0,140.0
4,A,26.75,145.0
5,A,55.50999999999999,157.0
6,B,158.35999999999999,158.0
7,C,17.0,170.0
8,A,38.44,84.0
9,B,-28.95999999999998,164.0
10,D,169.75,135.0
11,C,23.109999999999985,117.0
12,B,163.91,97.0
13,B,132.75,165.0
14,C,11.159999999999968,172.0
15,B,61.91,103.0
16,C,123.31,187.0
17,A,105.44,166.0
18,D,42.50999999999999,143.0
19,C,79.0,200.0
20,C,-43.25,185.0
21,C,165.39,119.0
22,A,22.189999999999998,91.0
23,B,89.75999999999999,168.0
24,C,-3.25,155.0
25,A,39.0,140.0
26,A,169.0,100.0
27,A,68.75,85.0
28,C,27.310000000000002,113.0
29,A,60.79000000000002,161.0
30,C,69.75,135.0
31,A,108.36000000000001,192.0
32,B,-22.04000000000002,198.0
33,C,71.84,96.0
34,A,30.840000000000003,154.0
35,A,95.36,92.0
36,A,72.83999999999997,196.0
37,C,45.510000000000005,93.0
38,A,8.389999999999986,131.0
39,D,47.64,94.0
40,D,48.03999999999999,86.0
41,A,115.91,153.0
42,C,118.75,105.0
43,A,33.389999999999986,119.0
44,A,119.44,116.0
45,B,172.79,111.0
46,D,109.75,85.0
47,C,60.16,128.0
48,B,73.0,170.0
49,C,123.75,85.0
50,B,26.439999999999998,134.0
51,A,149.10999999999999,117.0
52,B,63.50999999999999,143.0
53,D,141.31,163.0
54,D,3.0400000000000205,186.0
55,A,139.0,80.0
56,D,172.91,153.0
57,D,145.91,153.0
58,A,-17.039999999999992,152.0
59,D,61.31,87.0
60,D,137.0,160.0
61,D,0.4399999999999977,184.0
62,D,155.76,168.0
63,C,30.0,130.0
64,D,32.389999999999986,119.0
65,C,-55.889999999999986,183.0
66,C,26.64,106.0
67,C,3.3899999999999864,169.0
68,A,116.96,102.0
69,C,186.39,131.0
70,A,52.510000000000005,93.0
71,D,107.50999999999999,107.0
72,C,-74.0,190.0
73,D,177.24,126.0
74,C,140.96,152.0
75,C,15.39,81.0
76,A,26.24000000000001,124.0
77,B,120.79000000000002,161.0
78,D,-6.439999999999998,138.0
79,B,135.39,169.0
80,B,112.75999999999999,132.0
81,C,37.84,146.0
82,B,51.91,97.0
83,D,69.91,153.0
84,C,-59.04000000000002,198.0
85,B,57.44,184.0
86,A,38.75,165.0
87,D,15.789999999999992,111.0
88,A,63.75,155.0
89,A,54.75999999999999,118.0
90,B,44.44,166.0
91,B,-20.840000000000032,178.0
92,C,116.19,159.0
93,A,59.64,94.0
94,A,-26.810000000000002,159.0
95,C,158.39,81.0
96,A,39.15999999999997,172.0
97,C,20.75,145.0
98,D,41.109999999999985,117.0
99,A,32.91,97.0
100,A,145.91,147.0
101,D,168.91,147.0
102,D,-12.090000000000032,197.0
103,B,5.75,115.0
104,A,163.0,80.0
105,B,57.24000000000001,124.0
106,D,121.75999999999999,182.0
107,A,71.84,96.0
108,B,2.960000000000008,148.0
109,A,126.75,165.0
110,D,82.84,104.0
111,A,88.91,103.0
112,C,90.75999999999999,132.0
113,B,50.0,180.0
114,C,93.91,147.0
115,C,28.75,185.0
116,C,27.639999999999986,144.0
117,C,7.0,180.0
118,D,67.75,195.0
119,C,-36.44,188.0
120,A,166.64,106.0
121,B,133.44,116.0
122,D,39.70999999999998,177.0
123,B,46.71000000000001,123.0
124,B,44.99000000000001,149.0
125,B,-45.29000000000002,177.0
126,A,148.0,80.0
127,C,124.36,108.0
128,C,82.64,94.0
129,C,147.0,150.0
130,D,132.75,125.0
131,C,137.0,90.0
132,C,168.0,150.0
133,B,35.64,106.0
134,D,57.44,134.0
135,C,-7.2900000000000205,173.0
136,C,101.24000000000001,126.0
137,A,137.0,80.0
138,D,12.439999999999998,166.0
139,D,57.109999999999985,133.0
140,D,5.310000000000002,113.0
141,B,131.0,160.0
142,C,112.31,113.0
143,C,20.840000000000003,154.0
144,C,29.840000000000003,154.0
145,A,32.19,159.0
146,B,5.710000000000008,123.0
147,C,99.39,81.0
148,D,60.90999999999997,197.0
149,C,61.839999999999975,196.0
150,A,27.110000000000014,167.0
151,A,137.15999999999997,172.0
152,B,16.75,175.0
153,A,70.70999999999998,177.0
154,B,-28.610000000000014,181.0
155,D,13.789999999999992,139.0
156,B,-17.889999999999986,167.0
157,D,8.909999999999997,153.0
158,B,179.59,121.0
159,B,127.63999999999999,144.0
160,B,7.759999999999991,118.0
161,C,72.50999999999999,157.0
162,C,24.039999999999992,136.0
163,C,117.16,128.0
164,A,2.760000000000005,82.0
165,C,54.99000000000001,151.0
166,C,59.91,97.0
167,C,84.24000000000001,126.0
168,A,76.44,116.0
169,D,102.56,162.0
170,B,149.04,136.0
171,A,16.36,108.0
172,B,87.56,138.0
173,C,140.79,89.0
174,A,14.840000000000003,154.0
175,B,35.75,155.0
176,C,57.0,180.0
177,A,54.36,92.0
178,C,114.36,108.0
179,C,2.4399999999999977,84.0
180,A,4.0,170.0
181,B,166.51,143.0
182,D,118.91,147.0
183,B,-40.69,187.0
184,A,145.0,80.0
185,D,-59.56,184.0
186,C,67.15999999999997,178.0
187,B,5.240000000000009,124.0
188,A,66.96000000000001,152.0
189,D,135.19,109.0
190,B,159.0,100.0
191,B,-17.560000000000002,166.0
192,C,61.15999999999997,172.0
193,B,90.0,90.0
194,B,-0.25,145.0
195,D,121.03999999999999,86.0
196,A,117.11000000000001,183.0
197,C,43.589999999999975,171.0
198,A,111.75,125.0
199,B,38.0,160.0
200,C,3.8400000000000034,146.0
201,C,25.159999999999968,178.0
202,A,83.75,155.0
203,B,157.0,100.0
204,D,93.75,155.0
205,B,26.639999999999986,144.0
206,B,117.99000000000001,149.0
207,D,98.84,154.0
208,C,22.560000000000002,188.0
209,D,123.56,188.0
210,A,184.36,92.0
211,C,102.64,106.0
212,C,31.24000000000001,174.0
213,D,61.0,190.0
214,C,191.59,121.0
215,B,111.44,134.0
216,B,58.0,90.0
217,B,74.96000000000001,148.0
218,D,0.39000000000000057,81.0
219,C,196.91,103.0
220,A,14.240000000000009,174.0
221,C,75.70999999999998,173.0
222,D,111.0,130.0
223,B,181.19,109.0
224,D,15.359999999999985,158.0
225,A,101.0,120.0
226,C,168.19,141.0
227,A,43.50999999999999,143.0
228,A,172.0,90.0
229,B,119.78999999999999,111.0
230,D,69.04000000000002,186.0
231,D,128.10999999999999,133.0
232,C,201.44,116.0
233,D,122.0,150.0
234,B,59.70999999999998,173.0
235,C,25.840000000000003,104.0
236,A,51.0,170.0
237,D,7.359999999999985,142.0
238,A,113.0,90.0
239,D,128.99,149.0
240,D,-52.84000000000003,178.0
241,D,75.50999999999999,107.0
242,B,58.359999999999985,142.0
243,D,25.039999999999992,86.0
244,C,104.84,96.0
245,A,196.79,111.0
246,D,88.31,187.0
247,C,150.84,146.0
248,D,130.75,175.0
249,A,185.75,125.0
250,B,28.909999999999997,153.0
251,A,132.76,82.0
252,C,45.44,84.0
253,A,20.75,105.0
254,C,91.50999999999999,157.0
255,A,32.589999999999975,171.0
256,C,-42.29000000000002,177.0
257,B,24.99000000000001,199.0
258,B,113.03999999999999,114.0
259,C,32.389999999999986,131.0
260,B,155.0,80.0
261,A,42.839999999999975,196.0
262,D,-48.639999999999986,192.0
263,C,74.75,175.0
264,A,67.39,81.0
265,D,119.35999999999999,142.0
266,C,111.24000000000001,124.0
267,D,122.91,153.0
268,B,179.75,105.0
269,C,90.70999999999998,177.0
270,A,12.839999999999975,196.0
271,D,122.0,150.0
272,D,48.96000000000001,152.0
273,B,24.639999999999986,144.0
274,D,-13.95999999999998,164.0
275,B,72.71000000000001,127.0
276,A,132.0,140.0
277,C,71.31,137.0
278,B,64.36,92.0
279,A,99.75,185.0
280,A,81.51,93.0
281,C,126.56,188.0
282,D,83.04000000000002,186.0
283,A,43.50999999999999,143.0
284,D,102.31,137.0
285,B,-29.889999999999986,183.0
286,B,57.99000000000001,149.0
287,C,129.56,138.0
288,C,123.99,101.0
289,C,26.50999999999999,107.0
290,A,112.75999999999999,132.0
291,A,162.31,87.0
292,D,31.0,150.0
293,D,157.84,146.0
294,C,51.64,94.0
295,C,175.24,126.0
296,D,41.75,125.0
297,C,8.909999999999968,197.0
298,D,-45.360000000000014,194.0
299,A,184.99,99.0
300,B,29.039999999999992,136.0
301,B,79.36,108.0
302,D,190.36,92.0
303,B,44.110000000000014,167.0
304,B,119.19,159.0
305,C,24.64,94.0
306,C,-23.0,160.0
307,A,94.10999999999999,117.0
308,C,141.59,121.0
309,D,85.44,184.0
310,D,-24.75999999999999,176.0
311,B,-49.44,188.0
312,D,23.359999999999985,142.0
313,B,80.0,190.0
314,C,33.110000000000014,183.0
315,D,59.0,200.0
316,C,57.78999999999999,111.0
317,A,95.0,140.0
318,A,-43.56,184.0
319,C,124.91,147.0
320,B,87.56,112.0
321,B,5.110000000000014,167.0
322,D,155.75,115.0
323,C,190.64,106.0
324,D,100.16,128.0
325,C,143.84,104.0
326,C,104.56,88.0
327,C,155.95999999999998,98.0
328,B,105.56,162.0
329,B,117.96,102.0
330,A,140.56,88.0
331,A,-50.25,195.0
332,D,128.96,148.0
333,D,137.99,151.0
334,B,23.389999999999986,169.0
335,C,69.0,140.0
336,B,3.6400000000000006,106.0
337,B,127.24000000000001,124.0
338,B,-63.25,195.0
339,B,-9.810000000000002,159.0
340,B,154.51,157.0
341,D,196.56,112.0
342,A,127.03999999999999,86.0
343,B,170.99,101.0
344,A,36.31,87.0
345,B,22.590000000000003,121.0
346,A,196.36,92.0
347,C,-48.84000000000003,178.0
348,C,26.109999999999985,133.0
349,D,95.38999999999999,181.0
350,D,118.0,120.0
351,D,41.75,185.0
352,B,24.439999999999998,116.0
353,B,57.0,170.0
354,B,51.389999999999986,131.0
355,D,0.9099999999999682,197.0
356,B,98.11000000000001,183.0
357,A,58.24000000000001,176.0
358,B,31.159999999999968,178.0
359,A,35.75,105.0
360,C,80.44,116.0
361,B,15.39,81.0
362,D,51.639999999999986,156.0
363,C,140.79,139.0
364,B,162.75,145.0
365,C,162.19,141.0
366,B,1.5600000000000023,138.0
367,C,20.789999999999992,89.0
368,B,-2.3600000000000136,156.0
369,D,-40.20999999999998,189.0
370,B,50.639999999999986,194.0
371,D,39.75999999999999,132.0
372,D,187.0,140.0
373,A,178.64,106.0
374,D,91.24000000000001,174.0
375,D,95.16,128.0
376,B,155.84,154.0
377,C,81.96,98.0
378,A,46.36,108.0
379,D,56.110000000000014,183.0
380,A,149.70999999999998,173.0
381,A,4.840000000000003,146.0
382,B,0.75,175.0
383,B,120.19,191.0
384,D,-32.00999999999999,199.0
385,C,137.0,150.0
386,D,63.75999999999999,132.0
387,B,90.44,84.0
388,A,41.84,104.0
389,A,155.99,149.0
390,C,112.75,135.0
391,C,70.04000000000002,164.0
392,A,-27.689999999999998,187.0
393,A,117.38999999999999,169.0
394,B,190.16,122.0
395,A,91.24000000000001,176.0
396,C,28.36,108.0
397,A,8.510000000000005,93.0
398,A,162.75,155.0
399,B,-9.810000000000002,141.0
400,D,92.56,88.0
401,D,125.44,134.0
402,B,-58.610000000000014,181.0
403,B,11.159999999999997,122.0
404,B,110.91,147.0
405,B,-74.09000000000003,197.0
406,C,78.19,91.0
407,D,113.35999999999999,142.0
408,D,134.76,82.0
409,C,110.19,91.0
410,A,80.75999999999999,168.0
411,C,110.96000000000001,148.0
412,A,43.989999999999995,101.0
413,A,145.75,115.0
414,C,125.75999999999999,168.0
415,B,200.36,108.0
416,D,25.24000000000001,126.0
417,B,22.50999999999999,143.0
418,A,22.110000000000014,183.0
419,A,183.10999999999999,117.0
420,B,22.840000000000003,146.0
421,B,64.0,120.0
422,B,97.19,191.0
423,A,92.63999999999999,144.0
424,C,76.64,106.0
425,D,160.75,165.0
426,C,2.0400000000000205,186.0
427,C,104.50999999999999,157.0
428,A,182.0,110.0
429,C,53.959999999999994,102.0
430,C,123.24000000000001,174.0
431,D,137.56,112.0
432,C,200.36,108.0
433,A,27.389999999999986,169.0
434,A,158.75,95.0
435,A,143.75,175.0
436,A,61.59,129.0
437,C,91.50999999999999,107.0
438,B,21.439999999999998,116.0
439,A,94.58999999999997,171.0
440,C,23.99000000000001,199.0
441,A,64.63999999999999,194.0
442,B,-42.29000000000002,177.0
443,A,4.959999999999994,102.0
444,B,3.3599999999999994,108.0
445,D,150.0,120.0
446,B,167.71,127.0
447,B,143.19,159.0
448,B,190.59,121.0
449,C,173.64,144.0
450,B,43.75999999999999,168.0
451,C,-82.09000000000003,197.0
452,A,161.76,118.0
453,C,31.989999999999995,101.0
454,A,40.31,113.0
455,C,-0.8899999999999864,183.0
456,D,76.38999999999999,181.0
457,A,91.91,103.0
458,A,105.78999999999999,111.0
459,C,44.0,140.0
460,B,-4.759999999999991,176.0
461,B,185.39,119.0
462,B,67.0,140.0
463,D,132.44,184.0
464,A,97.0,100.0
465,C,92.75,95.0
466,D,18.510000000000005,93.0
467,D,18.560000000000002,88.0
468,C,124.38999999999999,181.0
469,B,-4.159999999999997,146.0
470,B,114.75,105.0
471,A,5.789999999999992,111.0
472,C,132.0,150.0
473,C,103.0,120.0
474,A,102.0,130.0
475,B,153.04000000000002,164.0
476,B,152.59,129.0
477,D,109.0,130.0
478,D,-19.439999999999998,162.0
479,D,101.31,87.0
480,A,97.44,184.0
481,A,151.76,82.0
482,B,103.75,185.0
483,C,130.04,114.0
484,C,-18.95999999999998,164.0
485,A,95.71000000000001,127.0
486,D,66.31,137.0
487,A,204.0,100.0
488,A,61.50999999999999,193.0
489,C,70.39,81.0
490,B,35.84,146.0
491,D,105.15999999999997,172.0
492,B,84.64,94.0
493,A,76.75999999999999,182.0
494,D,35.44,184.0
495,C,-20.360000000000014,156.0
496,C,42.24000000000001,174.0
497,A,48.75,185.0
498,C,-3.6100000000000136,131.0
499,B,110.75999999999999,132.0
500,D,37.19,191.0
501,C,60.44,116.0
502,D,137.51,107.0
503,B,113.59,129.0
504,B,17.909999999999997,153.0
505,B,51.639999999999986,156.0
506,A,162.56,138.0
507,A,28.24000000000001,174.0
508,B,84.16,122.0
509,B,36.99000000000001,149.0
510,D,103.19,191.0
511,D,119.91,147.0
512,A,70.10999999999999,133.0
513,C,139.44,134.0
514,B,6.509999999999991,143.0
515,C,33.75,85.0
516,C,179.0,110.0
517,D,-5.889999999999986,167.0
518,D,123.16,128.0
519,C,21.75,145.0
520,D,88.35999999999999,158.0
521,C,47.59,129.0
522,C,17.0,140.0
523,D,-58.09000000000003,197.0
524,D,168.75,105.0
525,A,23.75,115.0
526,D,99.75,195.0
527,A,51.0,180.0
528,A,102.44,166.0
529,B,141.79,111.0
530,B,27.909999999999997,147.0
531,D,30.710000000000008,123.0
532,B,-2.0900000000000034,147.0
533,B,104.16,122.0
534,D,153.0,80.0
535,D,169.51,143.0
536,C,3.509999999999991,143.0
537,B,76.15999999999997,172.0
538,C,141.39,131.0
539,C,-9.640000000000015,158.0
540,B,77.83999999999997,196.0
541,D,-17.439999999999998,162.0
542,D,-37.49000000000001,193.0
543,A,168.31,87.0
544,B,-20.00999999999999,151.0
545,D,-16.0,160.0
546,A,96.96000000000001,152.0
547,C,29.560000000000002,88.0
548,A,137.24,174.0
549,C,-1.6100000000000136,181.0
550,B,83.56,112.0
551,B,-71.25,195.0
552,D,152.96,148.0
553,A,17.75,185.0
554,B,-32.20999999999998,189.0
555,A,52.36,108.0
556,A,180.35999999999999,142.0
557,D,120.96,98.0
558,A,78.78999999999999,139.0
559,D,66.36,92.0
560,C,74.91,147.0
561,A,66.59,121.0
562,C,136.75,145.0
563,D,50.19,91.0
564,A,103.31,137.0
565,C,12.759999999999991,168.0
566,B,59.71000000000001,123.0
567,A,20.0,110.0
568,A,84.11000000000001,167.0
569,A,200.75,95.0
570,D,12.560000000000002,138.0
571,D,23.639999999999986,194.0
572,A,18.0,120.0
573,D,106.64,94.0
574,C,11.839999999999975,196.0
575,A,4.760000000000005,82.0
576,B,97.0,150.0
577,D,24.75,145.0
578,A,22.159999999999997,122.0
579,C,45.110000000000014,167.0
580,D,35.78999999999999,111.0
581,A,70.50999999999999,157.0
582,A,95.19,141.0
583,D,35.36,108.0
584,D,-30.840000000000032,172.0
585,D,147.79000000000002,161.0
586,A,53.75,135.0
587,D,114.63999999999999,144.0
588,A,147.64,144.0
589,D,139.75,95.0
590,C,112.38999999999999,181.0
591,C,131.24,124.0
592,D,81.91,97.0
593,A,111.78999999999999,139.0
594,D,27.189999999999998,159.0
595,A,178.51,143.0
596,B,-5.25,165.0
597,C,94.58999999999997,179.0
598,D,38.75,125.0
599,D,93.83999999999997,196.0
600,B,160.91,153.0
601,B,-66.56,184.0
602,C,-25.25,185.0
603,C,-4.039999999999992,152.0
604,D,11.039999999999992,86.0
605,C,8.75,105.0
606,C,48.0,130.0
607,C,179.76,82.0
608,B,93.0,170.0
609,B,105.0,80.0
610,D,96.99,99.0
611,B,96.63999999999999,194.0
612,B,168.16,122.0
613,C,111.36,108.0
614,D,187.39,131.0
615,D,-9.410000000000025,171.0
616,B,166.51,143.0
617,C,117.75,105.0
618,A,100.38999999999999,181.0
619,C,-24.20999999999998,189.0
620,A,18.310000000000002,163.0
621,A,91.99,99.0
622,C,12.589999999999975,171.0
623,A,80.44,116.0
624,B,-23.29000000000002,173.0
625,B,2.710000000000008,127.0
626,D,7.560000000000002,162.0
627,D,-45.410000000000025,171.0
628,D,16.24000000000001,176.0
629,B,24.0,100.0
630,A,33.99000000000001,199.0
631,D,165.59,129.0
632,D,38.44,184.0
633,B,73.75,145.0
634,D,95.50999999999999,193.0
635,A,109.38999999999999,131.0
636,C,193.75,115.0
637,B,68.84,154.0
638,D,-48.410000000000025,179.0
639,A,43.75,195.0
640,B,141.64,156.0
641,D,100.19,191.0
642,D,190.36,92.0
643,D,148.19,91.0
644,C,143.39,169.0
645,A,89.76,82.0
646,B,29.189999999999998,141.0
647,A,186.31,113.0
648,A,153.75,85.0
649,A,56.36,108.0
650,A,84.78999999999999,139.0
651,C,18.039999999999992,114.0
652,B,86.15999999999997,172.0
653,A,135.04000000000002,164.0
654,B,177.84,104.0
655,B,115.38999999999999,131.0
656,A,117.91,147.0
657,C,-6.810000000000002,141.0
658,B,109.19,109.0
659,C,46.44,184.0
660,A,24.909999999999997,97.0
661,C,173.24,124.0
662,A,12.789999999999992,139.0
663,C,158.44,84.0
664,D,76.76,82.0
665,B,11.039999999999992,136.0
666,B,95.38999999999999,131.0
667,C,21.439999999999998,184.0
668,D,7.909999999999968,197.0
669,B,16.310000000000002,87.0
670,A,75.56,112.0
671,D,52.0,90.0
672,D,96.91,147.0
673,A,-48.360000000000014,194.0
674,B,141.70999999999998,177.0
675,A,196.36,92.0
676,C,91.96000000000001,152.0
677,A,148.51,157.0
678,C,-68.36000000000001,194.0
679,C,45.96000000000001,152.0
680,D,-8.889999999999986,167.0
681,B,18.840000000000003,154.0
682,A,28.24000000000001,174.0
683,B,-18.00999999999999,149.0
684,C,45.84,96.0
685,A,-18.639999999999986,192.0
686,B,169.19,91.0
687,D,160.24,126.0
688,A,157.0,160.0
689,D,-68.49000000000001,193.0
690,C,31.0,150.0
691,A,64.99,99.0
692,D,93.15999999999997,172.0
693,C,133.44,116.0
694,D,46.31,113.0
695,B,70.63999999999999,194.0
696,D,128.10999999999999,117.0
697,A,48.91,147.0
698,A,129.39,169.0
699,C,22.11,83.0
700,C,142.96,148.0
701,C,63.24000000000001,174.0
702,A,-41.84000000000003,178.0
703,B,181.44,134.0
704,B,54.64,106.0
705,A,29.95999999999998,198.0
706,D,45.75,195.0
707,D,-18.090000000000003,153.0
708,D,159.51,157.0
709,A,133.35999999999999,142.0
710,B,15.75,105.0
711,A,67.36,92.0
712,D,63.91,97.0
713,C,76.0,100.0
714,D,165.19,109.0
715,C,26.70999999999998,177.0
716,A,151.84,154.0
717,B,5.390000000000001,81.0
718,B,134.15999999999997,172.0
719,A,52.0,110.0
720,B,127.38999999999999,169.0
721,D,28.75999999999999,132.0
722,A,150.84,154.0
723,A,124.75,145.0
724,A,121.31,87.0
725,C,-14.360000000000014,156.0
726,C,51.75,145.0
727,A,69.03999999999999,114.0
728,A,14.240000000000009,126.0
729,C,49.50999999999999,193.0
730,D,-50.69,187.0
731,D,36.56,138.0
732,B,131.0,80.0
733,D,72.10999999999999,117.0
734,C,174.44,84.0
735,D,94.78999999999999,111.0
736,C,100.24000000000001,124.0
737,B,180.0,130.0
738,B,179.04,114.0
739,D,91.75,85.0
740,A,-21.410000000000025,179.0
741,B,129.31,87.0
742,D,-28.95999999999998,164.0
743,A,83.63999999999999,156.0
744,B,59.0,200.0
745,D,-20.0,180.0
746,A,6.0,100.0
747,B,-8.210000000000008,139.0
748,A,-26.95999999999998,164.0
749,D,51.70999999999998,177.0
750,B,72.58999999999997,179.0
751,B,71.0,150.0
752,A,30.75,165.0
753,C,66.24000000000001,124.0
754,D,59.0,160.0
755,B,-61.360000000000014,194.0
756,A,128.75,155.0
757,A,34.24000000000001,124.0
758,D,161.91,147.0
759,A,128.84,96.0
760,D,21.75999999999999,118.0
761,C,200.91,103.0
762,A,168.75,135.0
763,A,-24.840000000000032,172.0
764,C,26.75,105.0
765,C,105.50999999999999,157.0
766,C,91.75,135.0
767,A,136.0,180.0
768,B,130.95999999999998,102.0
769,D,60.31,137.0
770,C,102.99,101.0
771,C,62.0,160.0
772,A,44.78999999999999,89.0
773,B,129.75,105.0
774,A,137.51,93.0
775,A,67.15999999999997,178.0
776,D,-30.20999999999998,189.0
777,A,12.240000000000009,176.0
778,C,4.439999999999998,84.0
779,A,191.99,99.0
780,C,39.70999999999998,177.0
781,B,111.63999999999999,156.0
782,A,-6.360000000000014,194.0
783,C,-0.20999999999997954,189.0
784,A,181.56,88.0
785,C,66.04000000000002,186.0
786,B,82.15999999999997,172.0
787,A,121.75999999999999,168.0
788,A,36.78999999999999,111.0
789,D,88.56,188.0
790,A,86.75,175.0
791,B,186.99,99.0
792,C,110.04000000000002,164.0
793,B,176.95999999999998,102.0
794,A,-20.610000000000014,169.0
795,D,65.90999999999997,197.0
796,B,65.24000000000001,126.0
797,C,85.99,101.0
798,B,132.39,119.0
799,C,167.04,114.0
800,B,162.79,139.0
801,C,186.16,122.0
802,A,15.310000000000002,163.0
803,D,58.359999999999985,158.0
804,C,-50.25,185.0
805,D,153.19,109.0
806,A,175.39,119.0
807,B,35.75,155.0
808,C,38.24000000000001,124.0
809,D,60.03999999999999,136.0
810,A,63.109999999999985,117.0
811,C,94.0,80.0
812,A,-19.689999999999998,187.0
813,B,-42.49000000000001,193.0
814,C,133.04000000000002,164.0
815,B,54.91,97.0
816,A,122.96000000000001,152.0
817,C,54.0,180.0
818,D,77.31,113.0
819,B,61.44,134.0
820,D,-19.439999999999998,162.0
821,D,112.63999999999999,144.0
822,D,136.99,151.0
823,A,16.389999999999986,181.0
824,D,59.0,80.0
825,B,143.91,97.0
826,A,65.75,175.0
827,D,180.0,120.0
828,B,100.50999999999999,193.0
829,C,97.0,130.0
830,C,-19.20999999999998,161.0
831,B,47.24000000000001,174.0
832,C,120.0,80.0
833,D,58.15999999999997,172.0
834,A,111.78999999999999,139.0
835,B,108.75,185.0
836,D,149.75,135.0
837,C,43.19,141.0
838,D,66.15999999999997,172.0
839,C,184.51,143.0
840,C,113.75,145.0
841,D,171.64,156.0
842,C,-22.090000000000003,153.0
843,B,150.35999999999999,158.0
844,A,160.11,83.0
845,D,0.0,80.0
846,B,97.99,99.0
847,A,120.91,97.0
848,B,201.04,86.0
849,B,165.36,108.0
850,B,57.31,87.0
851,B,12.590000000000003,129.0
852,A,46.31,87.0
853,A,-52.09000000000003,197.0
854,A,89.19,91.0
855,D,169.19,141.0
856,A,38.389999999999986,181.0
857,A,103.99000000000001,199.0
858,D,87.0,110.0
859,A,162.51,157.0
860,C,-4.759999999999991,176.0
861,B,39.0,130.0
862,C,189.10999999999999,117.0
863,C,3.359999999999985,142.0
864,B,188.11,83.0
865,C,18.989999999999995,101.0
866,D,11.710000000000008,127.0
867,D,27.159999999999968,172.0
868,C,91.38999999999999,131.0
869,C,175.75,95.0
870,B,26.75,95.0
871,D,-0.2400000000000091,182.0
872,C,166.31,113.0
873,C,48.56,112.0
874,D,32.44,84.0
875,B,192.51,107.0
876,D,25.24000000000001,174.0
877,A,96.0,90.0
878,C,51.59,121.0
879,A,27.0,140.0
880,B,60.44,134.0
881,A,-7.25,155.0
882,A,49.75999999999999,118.0
883,A,-11.0,180.0
884,B,97.50999999999999,107.0
885,C,61.0,110.0
886,D,134.0,100.0
887,C,109.10999999999999,133.0
888,A,102.0,160.0
889,B,94.75999999999999,132.0
890,B,88.78999999999999,139.0
891,C,189.76,118.0
892,B,2.0,130.0
893,A,125.75999999999999,118.0
894,C,117.91,97.0
895,D,69.75,145.0
896,D,-22.25,175.0
897,A,21.75,85.0
898,D,132.35999999999999,142.0
899,A,-14.159999999999997,146.0
900,C,28.110000000000014,167.0
901,D,-18.039999999999992,152.0
902,C,32.44,166.0
903,B,118.44,84.0
904,C,-4.240000000000009,168.0
905,C,31.159999999999968,172.0
906,B,63.71000000000001,123.0
907,C,178.24,126.0
908,B,27.389999999999986,119.0
909,A,5.389999999999986,119.0
910,D,-36.410000000000025,179.0
911,B,154.56,138.0
912,D,77.0,150.0
913,B,7.0,160.0
914,B,-6.009999999999991,199.0
915,B,203.51,107.0
916,D,55.31,187.0
917,B,14.439999999999998,84.0
918,D,190.75,135.0
919,B,46.0,160.0
920,B,16.439999999999998,184.0
921,B,2.4399999999999977,184.0
922,C,79.0,160.0
923,D,79.04000000000002,164.0
924,C,97.91,103.0
925,C,191.75,95.0
926,C,143.76,118.0
927,A,86.19,191.0
928,D,105.31,163.0
929,A,177.19,91.0
930,D,57.510000000000005,93.0
931,A,94.38999999999999,169.0
932,A,195.19,109.0
933,C,178.36,92.0
934,C,78.91,103.0
935,A,7.710000000000008,127.0
936,A,16.75,95.0
937,C,-7.009999999999991,149.0
938,B,110.03999999999999,86.0
939,B,94.84,154.0
940,C,147.19,159.0
941,A,120.15999999999997,172.0
942,B,54.0,190.0
943,B,90.0,140.0
944,B,7.0,90.0
945,A,53.50999999999999,143.0
946,C,117.0,160.0
947,A,200.31,113.0
948,B,31.75,145.0
949,B,67.0,110.0
950,D,177.64,144.0
951,C,83.31,137.0
952,D,114.0,130.0
953,B,200.91,103.0
954,A,98.38999999999999,181.0
955,B,0.5600000000000023,138.0
956,A,194.31,87.0
957,D,88.95999999999998,198.0
958,B,170.84,154.0
959,B,-31.0,180.0
960,B,81.56,88.0
961,D,11.0,170.0
962,D,-10.410000000000025,171.0
963,D,94.96,102.0
964,C,105.0,150.0
965,A,77.78999999999999,89.0
966,A,-74.16000000000003,196.0
967,A,-62.360000000000014,194.0
968,B,-19.0,180.0
969,D,157.19,109.0
970,D,148.0,160.0
971,B,64.59,121.0
972,A,93.24000000000001,176.0
973,D,-3.9599999999999795,186.0
974,D,48.75,105.0
975,C,75.84,96.0
976,B,30.95999999999998,198.0
977,D,59.44,184.0
978,C,117.31,187.0
979,C,84.10999999999999,117.0
980,A,184.04,114.0
981,B,-65.20999999999998,189.0
982,B,-9.889999999999986,183.0
983,C,-59.0,200.0
984,A,-40.360000000000014,194.0
985,D,-39.24000000000001,168.0
986,A,184.04,136.0
987,D,92.99000000000001,199.0
988,D,44.56,112.0
989,A,173.35999999999999,142.0
990,C,164.39,131.0
991,A,138.31,163.0
992,D,148.56,112.0
993,B,88.91,97.0
994,D,16.75,175.0
995,D,96.44,166.0
996,A,95.03999999999999,86.0
997,C,50.84,154.0
998,A,104.64,106.0
999,D,94.35999999999999,142.0
1000,C,129.99,149.0
1001,A,32.15999999999997,178.0
1002,C,93.91,97.0
1003,D,-35.360000000000014,194.0
1004,B,33.19,109.0
1005,C,198.76,82.0
1006,C,47.64,94.0
1007,A,190.24,124.0
1008,A,41.389999999999986,119.0
1009,A,-27.640000000000015,158.0
1010,D,196.75,115.0
1011,A,67.75,185.0
1012,A,181.99,101.0
1013,A,123.36,108.0
1014,C,190.0,120.0
1015,B,95.75999999999999,182.0
1016,B,148.31,113.0
1017,C,6.240000000000009,124.0
1018,B,82.24000000000001,124.0
1019,B,22.039999999999992,86.0
1020,D,-17.810000000000002,159.0
1021,D,68.99000000000001,149.0
1022,B,27.0,130.0
1023,C,110.24000000000001,126.0
1024,D,5.389999999999986,181.0
1025,B,65.0,180.0
1026,B,93.75,175.0
1027,C,5.990000000000009,149.0
1028,A,75.71000000000001,123.0
1029,D,-66.36000000000001,194.0
1030,C,19.909999999999997,97.0
1031,B,27.39,81.0
1032,C,93.79000000000002,161.0
1033,C,-44.360000000000014,194.0
1034,C,153.79,89.0
1035,D,171.10999999999999,117.0
1036,D,54.0,140.0
1037,A,48.19,141.0
1038,C,11.789999999999992,139.0
1039,B,148.0,90.0
1040,B,121.58999999999997,179.0
1041,D,152.84,146.0
1042,C,72.75999999999999,118.0
1043,C,85.11000000000001,167.0
1044,B,-48.0,200.0
1045,A,-1.8100000000000023,159.0
1046,B,22.989999999999995,101.0
1047,A,69.84,154.0
1048,A,15.509999999999991,107.0
1049,C,143.99,101.0
1050,B,-41.360000000000014,194.0
1051,C,161.10999999999999,133.0
1052,D,82.99000000000001,151.0
1053,B,148.76,82.0
1054,A,121.91,103.0
1055,A,178.0,80.0
1056,D,66.78999999999999,89.0
1057,D,105.84,146.0
1058,A,117.79000000000002,161.0
1059,B,171.51,157.0
1060,B,24.24000000000001,126.0
1061,C,41.84,96.0
1062,A,70.38999999999999,119.0
1063,C,32.84,96.0
1064,C,-5.240000000000009,182.0
1065,B,139.91,153.0
1066,B,112.91,103.0
1067,C,-16.090000000000032,197.0
1068,C,158.35999999999999,142.0
1069,C,56.39,81.0
1070,A,168.31,113.0
1071,A,31.590000000000003,121.0
1072,B,89.11,83.0
1073,A,98.0,190.0
1074,B,18.590000000000003,129.0
1075,B,23.039999999999992,136.0
1076,A,170.44,116.0
1077,B,123.31,137.0
1078,B,150.64,144.0
1079,B,108.31,163.0
1080,D,-14.560000000000002,166.0
1081,C,-67.36000000000001,194.0
1082,C,137.84,96.0
1083,D,74.35999999999999,158.0
1084,A,183.91,97.0
1085,B,64.24000000000001,124.0
1086,B,67.79000000000002,161.0
1087,B,91.0,90.0
1088,B,33.91,97.0
1089,D,101.31,137.0
1090,C,107.79000000000002,189.0
1091,B,196.39,81.0
1092,B,155.84,146.0
1093,A,55.989999999999995,99.0
1094,A,196.64,94.0
1095,A,167.35999999999999,158.0
1096,A,98.75,165.0
1097,C,166.64,156.0
1098,D,19.159999999999968,178.0
1099,D,33.31,137.0
1100,C,167.76,82.0
1101,B,96.83999999999997,196.0
1102,B,97.75,185.0
1103,B,133.15999999999997,172.0
1104,C,59.79000000000002,189.0
1105,C,186.31,137.0
1106,D,138.95999999999998,98.0
1107,D,90.38999999999999,169.0
1108,D,32.639999999999986,194.0
1109,A,-19.0,170.0
1110,A,-32.09000000000003,197.0
1111,D,134.24,174.0
1112,A,75.71000000000001,127.0
1113,C,-17.689999999999998,163.0
1114,C,127.78999999999999,89.0
1115,B,-71.81,191.0
1116,D,121.50999999999999,143.0
1117,D,64.0,90.0
1118,D,81.19,141.0
1119,C,68.96000000000001,152.0
1120,D,55.19,141.0
1121,B,25.189999999999998,141.0
1122,C,65.75,155.0
1123,C,83.03999999999999,136.0
1124,B,97.19,159.0
1125,B,112.10999999999999,117.0
1126,D,74.0,200.0
1127,D,160.76,82.0
1128,C,117.78999999999999,139.0
1129,C,84.75,125.0
1130,C,26.0,140.0
1131,D,9.509999999999991,193.0
1132,C,91.51,93.0
1133,C,190.99,101.0
1134,B,9.310000000000002,137.0
1135,C,104.63999999999999,144.0
1136,B,89.19,191.0
1137,C,118.36,92.0
1138,B,119.70999999999998,177.0
1139,D,143.51,107.0
1140,A,125.59,129.0
1141,C,76.0,100.0
1142,C,164.84,104.0
1143,C,158.76,118.0
1144,A,-6.0,170.0
1145,B,162.0,80.0
1146,B,45.44,184.0
1147,A,76.84,96.0
1148,C,188.0,80.0
1149,A,52.24000000000001,176.0
1150,B,138.71,127.0
1151,B,50.04000000000002,186.0
1152,D,50.56,188.0
1153,D,66.15999999999997,178.0
1154,D,99.15999999999997,178.0
1155,C,56.11,83.0
1156,B,7.560000000000002,88.0
1157,B,148.04,86.0
1158,A,-12.0,170.0
1159,C,-4.9599999999999795,164.0
1160,C,51.03999999999999,86.0
1161,A,173.75,95.0
1162,D,51.03999999999999,136.0
1163,A,83.51,93.0
1164,C,136.16,128.0
1165,D,40.19,191.0
1166,A,64.31,137.0
1167,A,103.75,185.0
1168,C,136.04000000000002,164.0
1169,B,10.039999999999992,86.0
1170,C,15.64,106.0
1171,C,139.70999999999998,173.0
1172,A,20.039999999999992,86.0
1173,B,35.0,120.0
1174,D,-69.36000000000001,194.0
1175,D,92.0,100.0
1176,D,57.50999999999999,157.0
1177,C,78.10999999999999,133.0
1178,B,74.75999999999999,182.0
1179,B,160.71,127.0
1180,D,58.589999999999975,171.0
1181,C,34.75,165.0
1182,C,44.75999999999999,132.0
1183,A,93.64,106.0
1184,D,-42.25,175.0
1185,A,138.76,132.0
1186,D,48.31,137.0
1187,D,10.240000000000009,176.0
1188,B,58.99000000000001,151.0
1189,D,93.36,108.0
1190,A,55.11,83.0
1191,B,93.75,175.0
1192,B,-53.49000000000001,193.0
1193,A,89.63999999999999,144.0
1194,B,18.560000000000002,112.0
1195,D,28.04000000000002,164.0
1196,B,150.16,122.0
1197,D,155.76,82.0
1198,B,158.36,92.0
1199,C,79.16,128.0
1200,B,115.91,147.0
1201,B,111.10999999999999,133.0
1202,C,34.84,154.0
1203,B,61.109999999999985,133.0
1204,B,-54.360000000000014,194.0
1205,A,31.909999999999997,153.0
1206,D,128.11,167.0
1207,D,112.91,103.0
1208,D,166.11,83.0
1209,A,4.189999999999998,91.0
1210,B,120.84,104.0
1211,C,146.31,163.0
1212,C,59.75,105.0
1213,A,31.36,92.0
1214,B,97.44,166.0
1215,D,60.75,105.0
1216,C,113.0,140.0
1217,A,131.84,146.0
1218,B,119.0,120.0
1219,B,25.75,165.0
1220,D,195.84,96.0
1221,C,168.39,119.0
1222,A,76.59,121.0
1223,A,138.56,88.0
1224,D,-19.0,170.0
1225,B,67.75,95.0
1226,D,90.0,170.0
1227,A,-84.36000000000001,194.0
1228,C,27.50999999999999,143.0
1229,D,57.75,95.0
1230,D,146.39,131.0
1231,D,144.0,160.0
1232,C,30.0,110.0
1233,D,162.0,160.0
1234,B,80.31,137.0
1235,C,41.959999999999994,98.0
1236,A,121.19,191.0
1237,A,196.99,99.0
1238,B,36.31,87.0
1239,B,15.159999999999997,128.0
1240,C,16.75,145.0
1241,C,120.84,96.0
1242,A,130.36,108.0
1243,A,-76.0,190.0
1244,C,-38.95999999999998,186.0
1245,D,-3.090000000000032,197.0
1246,C,112.96000000000001,152.0
1247,A,162.76,118.0
1248,D,176.0,130.0
1249,A,198.75,95.0
1250,D,5.109999999999999,83.0
1251,A,154.99,99.0
1252,A,123.03999999999999,86.0
1253,C,6.0,130.0
1254,A,108.75,165.0
1255,C,6.639999999999986,156.0
1256,D,3.1100000000000136,183.0
1257,A,146.51,157.0
1258,D,3.509999999999991,193.0
1259,A,-81.25,195.0
1260,B,43.31,187.0
1261,D,120.0,100.0
1262,D,50.04000000000002,186.0
1263,D,127.78999999999999,111.0
1264,D,115.38999999999999,181.0
1265,D,-17.410000000000025,179.0
1266,C,1.3899999999999864,119.0
1267,A,200.84,104.0
1268,C,13.75,125.0
1269,D,166.64,144.0
1270,D,149.70999999999998,173.0
1271,C,78.44,84.0
1272,C,-55.24000000000001,182.0
1273,B,27.50999999999999,107.0
1274,C,98.99000000000001,199.0
1275,A,66.38999999999999,169.0
1276,B,169.99,149.0
1277,D,146.0,80.0
1278,A,168.64,106.0
1279,C,-37.25,165.0
1280,A,52.44,166.0
1281,D,125.11,83.0
1282,C,186.19,141.0
1283,B,47.84,154.0
1284,D,-9.759999999999991,176.0
1285,C,-45.639999999999986,192.0
1286,B,36.95999999999998,198.0
1287,D,94.0,150.0
1288,D,98.24000000000001,126.0
1289,B,-42.610000000000014,169.0
1290,A,-15.04000000000002,198.0
1291,B,133.79,111.0
1292,A,139.75,145.0
1293,A,74.19,141.0
1294,B,49.760000000000005,82.0
1295,C,125.44,116.0
1296,B,73.64,106.0
1297,B,133.0,170.0
1298,C,22.75,105.0
1299,C,50.91,103.0
1300,C,75.64,106.0
1301,B,139.31,87.0
1302,C,95.0,170.0
1303,A,98.0,110.0
1304,A,126.16,122.0
1305,C,62.44,166.0
1306,A,111.0,180.0
1307,A,78.0,100.0
1308,D,21.75,195.0
1309,A,40.75,135.0
1310,B,90.16,122.0
1311,B,201.0,100.0
1312,D,-50.20999999999998,189.0
1313,D,161.99,151.0
1314,C,164.24,126.0
1315,B,109.75,115.0
1316,B,8.75,195.0
1317,D,-15.689999999999998,163.0
1318,C,4.560000000000002,88.0
1319,C,32.19,109.0
1320,C,169.0,120.0
1321,A,96.38999999999999,181.0
1322,C,57.44,134.0
1323,B,39.50999999999999,107.0
1324,D,129.75,85.0
1325,D,167.75,135.0
1326,D,163.99,149.0
1327,A,79.99,101.0
1328,C,114.10999999999999,117.0
1329,C,141.15999999999997,178.0
1330,D,152.24,126.0
1331,C,40.31,113.0
1332,D,180.04,114.0
1333,D,203.95999999999998,98.0
1334,D,85.56,162.0
1335,A,86.19,141.0
1336,A,106.75,185.0
1337,D,91.96000000000001,152.0
1338,D,177.31,137.0
1339,C,19.0,200.0
1340,B,52.71000000000001,127.0
1341,C,-13.360000000000014,144.0
1342,A,131.75,125.0
1343,D,123.71000000000001,127.0
1344,B,173.71,127.0
1345,C,154.95999999999998,102.0
1346,B,177.0,140.0
1347,C,183.04,136.0
1348,B,106.84,146.0
1349,B,167.0,90.0
1350,C,95.10999999999999,117.0
1351,B,132.64,156.0
1352,B,-14.0,180.0
1353,C,26.310000000000002,137.0
1354,A,105.84,104.0
1355,D,6.039999999999992,136.0
1356,B,-11.689999999999998,187.0
1357,C,189.31,87.0
1358,A,125.10999999999999,133.0
1359,C,50.15999999999997,172.0
1360,B,50.03999999999999,86.0
1361,B,-21.360000000000014,156.0
1362,C,153.51,107.0
1363,A,190.59,129.0
1364,D,73.76,82.0
1365,A,-39.410000000000025,171.0
1366,A,95.0,150.0
1367,D,-6.0,140.0
1368,A,12.79000000000002,189.0
1369,D,42.75,195.0
1370,C,63.839999999999975,196.0
1371,B,88.0,170.0
1372,B,156.64,156.0
1373,C,149.39,169.0
1374,A,136.04,136.0
1375,A,134.91,147.0
1376,B,35.99000000000001,199.0
1377,B,116.16,128.0
1378,A,109.36,92.0
1379,B,136.64,144.0
1380,A,106.71000000000001,123.0
1381,D,150.10999999999999,133.0
1382,C,189.44,134.0
1383,A,19.79000000000002,161.0
1384,A,-6.490000000000009,157.0
1385,B,49.0,190.0
1386,C,148.56,138.0
1387,C,41.50999999999999,193.0
1388,B,97.75,195.0
1389,D,10.0,80.0
1390,C,138.64,156.0
1391,B,146.64,156.0
1392,C,71.75,115.0
1393,D,97.44,134.0
1394,C,-0.7599999999999909,126.0
1395,D,84.19,191.0
1396,D,26.560000000000002,188.0
1397,C,185.31,113.0
1398,B,12.909999999999997,153.0
1399,B,50.15999999999997,178.0
1400,C,81.56,88.0
1401,A,38.839999999999975,196.0
1402,C,-59.610000000000014,181.0
1403,C,104.56,112.0
1404,A,163.99,101.0
1405,B,131.44,166.0
1406,A,164.76,82.0
1407,B,-52.25,175.0
1408,C,-81.25,195.0
1409,D,148.0,110.0
1410,B,139.75,105.0
1411,C,191.31,113.0
1412,B,71.24000000000001,124.0
1413,A,-58.04000000000002,198.0
1414,D,175.79,139.0
1415,A,185.0,100.0
1416,D,35.44,166.0
1417,C,20.189999999999998,109.0
1418,A,-32.81,191.0
1419,C,36.359999999999985,158.0
1420,D,8.189999999999998,191.0
1421,A,4.710000000000008,123.0
1422,D,149.36,108.0
1423,D,28.439999999999998,166.0
1424,A,35.75,195.0
1425,A,55.31,163.0
1426,D,87.31,87.0
1427,B,197.59,121.0
1428,D,95.96000000000001,148.0
1429,B,53.989999999999995,99.0
1430,C,200.56,112.0
1431,C,114.99000000000001,151.0
1432,C,48.99000000000001,151.0
1433,C,-7.360000000000014,194.0
1434,C,51.50999999999999,157.0
1435,B,47.31,87.0
1436,A,20.99000000000001,199.0
1437,A,112.24000000000001,124.0
1438,D,94.38999999999999,181.0
1439,D,105.03999999999999,86.0
1440,D,-32.75999999999999,176.0
1441,A,30.560000000000002,112.0
1442,A,71.59,129.0
1443,C,50.56,112.0
1444,B,128.95999999999998,98.0
1445,A,130.64,156.0
1446,D,108.75,175.0
1447,B,107.63999999999999,194.0
1448,C,77.75,145.0
1449,A,34.44,184.0
1450,A,127.31,113.0
1451,B,121.44,134.0
1452,D,52.50999999999999,107.0
1453,A,70.91,147.0
1454,C,64.0,160.0
1455,A,102.44,184.0
1456,A,87.38999999999999,119.0
1457,C,96.0,80.0
1458,B,42.0,200.0
1459,D,133.24,124.0
1460,C,138.56,162.0
1461,B,130.59,121.0
1462,C,72.31,137.0
1463,A,160.04,136.0
1464,D,50.78999999999999,111.0
1465,B,56.95999999999998,198.0
1466,D,170.0,150.0
1467,B,34.70999999999998,173.0
1468,B,82.10999999999999,117.0
1469,A,23.75,165.0
1470,A,-10.210000000000008,139.0
1471,C,80.91,153.0
1472,A,122.0,100.0
1473,B,77.63999999999999,144.0
1474,C,181.51,143.0
1475,A,53.99000000000001,149.0
1476,C,157.31,163.0
1477,C,72.0,110.0
1478,D,33.16,122.0
1479,A,0.710000000000008,123.0
1480,B,144.84,96.0
1481,B,61.24000000000001,176.0
1482,B,47.0,90.0
1483,B,60.56,88.0
1484,D,114.19,141.0
1485,B,11.789999999999992,111.0
1486,A,53.78999999999999,89.0
1487,C,96.90999999999997,197.0
1488,C,12.159999999999968,172.0
1489,C,110.71000000000001,123.0
1490,C,159.84,146.0
1491,B,136.91,103.0
1492,A,176.44,84.0
1493,B,32.19,159.0
1494,D,54.44,166.0
1495,C,73.75,105.0
1496,C,158.64,106.0
1497,B,141.04,86.0
1498,A,94.84,154.0
1499,D,18.639999999999986,156.0
1500,C,81.36,92.0
1501,B,140.10999999999999,117.0
1502,D,148.19,159.0
1503,D,45.44,184.0
1504,C,74.99000000000001,149.0
1505,C,29.909999999999968,197.0
1506,D,168.75,125.0
1507,B,23.0,190.0
1508,D,98.03999999999999,86.0
1509,A,121.50999999999999,143.0
1510,D,14.990000000000009,199.0
1511,A,168.0,140.0
1512,C,19.909999999999997,147.0
1513,D,21.0,140.0
1514,A,108.50999999999999,107.0
1515,A,5.359999999999985,142.0
1516,B,43.75,165.0
1517,D,-69.49000000000001,193.0
1518,B,-10.560000000000002,184.0
1519,C,198.84,96.0
1520,A,48.16,122.0
1521,C,17.0,120.0
1522,D,37.71000000000001,127.0
1523,A,105.63999999999999,194.0
1524,A,63.589999999999975,171.0
1525,C,58.56,138.0
1526,C,105.75,145.0
1527,D,200.95999999999998,102.0
1528,A,92.79000000000002,189.0
1529,D,-35.75999999999999,176.0
1530,D,35.389999999999986,181.0
1531,C,39.56,162.0
1532,D,76.75,185.0
1533,D,131.24,126.0
1534,D,25.710000000000008,127.0
1535,C,87.50999999999999,143.0
1536,D,35.31,137.0
1537,A,26.560000000000002,138.0
1538,C,151.19,91.0
1539,B,105.15999999999997,172.0
1540,B,78.0,150.0
1541,D,75.24000000000001,126.0
1542,A,143.70999999999998,173.0
1543,D,64.91,153.0
1544,A,0.9099999999999966,153.0
1545,D,71.44,134.0
1546,B,92.36000000000001,192.0
1547,C,115.0,180.0
1548,C,8.0,150.0
1549,D,2.3100000000000023,137.0
1550,B,-17.610000000000014,169.0
1551,C,22.159999999999968,172.0
1552,C,43.44,116.0
1553,D,95.84,104.0
1554,B,104.56,162.0
1555,C,129.31,137.0
1556,D,96.63999999999999,144.0
1557,C,3.75,165.0
1558,D,52.15999999999997,172.0
1559,D,31.0,80.0
1560,A,153.76,118.0
1561,C,197.0,100.0
1562,A,37.75,95.0
1563,C,57.0,100.0
1564,B,-1.009999999999991,149.0
1565,B,104.75,155.0
1566,A,53.0,180.0
1567,A,163.64,156.0
1568,A,79.38999999999999,131.0
1569,B,58.16,128.0
1570,B,148.35999999999999,142.0
1571,B,64.71000000000001,127.0
1572,D,-4.25,165.0
1573,B,30.039999999999992,86.0
1574,D,66.99000000000001,199.0
1575,C,166.95999999999998,98.0
1576,A,5.839999999999975,196.0
1577,C,70.44,166.0
1578,A,182.11,83.0
1579,B,52.36,92.0
1580,A,150.51,93.0
1581,C,5.840000000000003,146.0
1582,A,90.91,153.0
1583,C,87.36,92.0
1584,D,-5.9599999999999795,164.0
1585,A,53.109999999999985,117.0
1586,B,89.91,103.0
1587,D,139.51,143.0
1588,D,133.0,130.0
1589,A,126.71000000000001,123.0
1590,B,98.31,113.0
1591,B,9.0,190.0
1592,D,-0.7599999999999909,176.0
1593,C,26.0,80.0
1594,A,5.990000000000009,151.0
1595,A,183.75,115.0
1596,A,14.75,155.0
1597,B,108.19,141.0
1598,C,138.95999999999998,98.0
1599,B,-51.0,190.0
1600,A,38.36,92.0
1601,C,119.44,84.0
1602,D,37.70999999999998,177.0
1603,D,-6.0,170.0
1604,C,49.389999999999986,119.0
1605,A,11.759999999999991,132.0
1606,A,131.39,119.0
1607,B,-0.6400000000000148,142.0
1608,D,75.44,184.0
1609,C,-13.640000000000015,158.0
1610,B,194.04,114.0
1611,B,179.04,114.0
1612,C,153.24,126.0
1613,B,178.10999999999999,133.0
1614,D,52.24000000000001,126.0
1615,C,-42.0,180.0
1616,B,84.58999999999997,179.0
1617,B,70.91,153.0
1618,A,83.64,106.0
1619,D,38.389999999999986,119.0
1620,C,156.95999999999998,102.0
1621,A,67.0,130.0
1622,D,122.38999999999999,119.0
1623,A,121.70999999999998,173.0
1624,C,180.0,90.0
1625,C,169.76,132.0
1626,B,48.36,108.0
1627,A,25.310000000000002,87.0
1628,A,139.19,109.0
1629,D,144.76,118.0
1630,D,66.38999999999999,131.0
1631,A,156.35999999999999,158.0
1632,D,158.75,125.0
1633,D,183.24,126.0
1634,B,49.589999999999975,171.0
1635,B,-45.20999999999998,189.0
1636,B,72.16,122.0
1637,C,126.10999999999999,117.0
1638,D,58.0,110.0
1639,A,113.0,100.0
1640,D,63.31,137.0
1641,A,67.24000000000001,176.0
1642,A,88.44,184.0
1643,A,83.31,87.0
1644,C,46.24000000000001,126.0
1645,D,73.75,195.0
1646,C,-3.490000000000009,143.0
1647,C,189.84,96.0
1648,B,65.56,138.0
1649,C,84.24000000000001,174.0
1650,C,89.99,101.0
1651,B,-22.25,195.0
1652,B,124.24000000000001,174.0
1653,A,24.959999999999994,102.0
1654,C,154.36,92.0
1655,B,43.24000000000001,124.0
1656,C,128.39,169.0
1657,A,18.039999999999992,86.0
1658,C,124.35999999999999,142.0
1659,C,76.24000000000001,126.0
1660,A,17.310000000000002,163.0
1661,C,181.84,104.0
1662,B,-15.439999999999998,162.0
1663,C,45.0,170.0
1664,D,129.11,183.0
1665,D,76.35999999999999,142.0
1666,B,52.71000000000001,127.0
1667,A,165.99,149.0
1668,B,10.310000000000002,87.0
1669,B,-31.0,180.0
1670,D,126.38999999999999,131.0
1671,C,10.909999999999997,97.0
1672,B,7.0,190.0
1673,A,175.64,144.0
1674,D,126.0,140.0
1675,C,34.99000000000001,149.0
1676,D,125.19,159.0
1677,A,-22.49000000000001,193.0
1678,A,90.11,83.0
1679,C,173.79,89.0
1680,A,181.64,106.0
1681,A,79.64,106.0
1682,A,37.19,109.0
1683,B,125.15999999999997,178.0
1684,D,162.0,110.0
1685,B,127.76,82.0
1686,B,45.36,108.0
1687,D,141.10999999999999,117.0
1688,D,151.79,111.0
1689,D,-44.360000000000014,194.0
1690,D,-15.090000000000003,147.0
1691,C,17.50999999999999,143.0
1692,D,-30.00999999999999,199.0
1693,B,120.78999999999999,111.0
1694,B,105.99,101.0
1695,B,188.79,89.0
1696,C,-42.25,195.0
1697,C,86.70999999999998,177.0
1698,D,87.0,140.0
1699,B,-49.20999999999998,189.0
1700,A,18.310000000000002,187.0
1701,C,89.78999999999999,89.0
1702,C,195.0,90.0
1703,C,183.75,135.0
1704,B,161.36,108.0
1705,A,113.31,113.0
1706,D,50.31,113.0
1707,B,-78.16000000000003,196.0
1708,A,-0.4099999999999966,129.0
1709,C,98.96,98.0
1710,C,33.0,170.0
1711,C,100.31,163.0
1712,C,-71.09000000000003,197.0
1713,A,191.71,127.0
1714,B,156.24,126.0
1715,B,122.58999999999997,179.0
1716,A,57.36,92.0
1717,B,59.90999999999997,197.0
1718,C,91.56,112.0
1719,D,49.56,88.0
1720,A,11.79000000000002,189.0
1721,B,-33.69,163.0
1722,C,131.31,113.0
1723,B,10.240000000000009,176.0
1724,C,155.35999999999999,142.0
1725,A,10.590000000000003,129.0
1726,C,175.44,84.0
1727,B,71.75,95.0
1728,A,106.0,130.0
1729,D,122.75999999999999,132.0
1730,C,86.50999999999999,107.0
1731,D,-80.00999999999999,199.0
1732,C,-52.25,195.0
1733,D,4.159999999999997,122.0
1734,B,91.31,137.0
1735,C,8.0,150.0
1736,C,29.0,140.0
1737,A,29.189999999999998,109.0
1738,A,-8.360000000000014,194.0
1739,C,131.39,119.0
1740,C,101.58999999999997,171.0
1741,A,-26.840000000000032,178.0
1742,A,135.44,134.0
1743,A,100.83999999999997,196.0
1744,D,111.24000000000001,124.0
1745,C,76.91,147.0
1746,D,38.75,135.0
1747,B,-1.0,200.0
1748,D,110.19,91.0
1749,A,-29.24000000000001,168.0
1750,D,-18.610000000000014,181.0
1751,B,50.19,109.0
1752,C,85.19,159.0
1753,B,108.03999999999999,136.0
1754,D,20.189999999999998,159.0
1755,B,10.759999999999991,132.0
1756,A,128.0,130.0
1757,D,167.71,123.0
1758,B,163.35999999999999,142.0
1759,A,127.75,175.0
1760,B,-18.560000000000002,166.0
1761,D,167.24,126.0
1762,B,105.64,94.0
1763,A,68.75,145.0
1764,B,110.79000000000002,161.0
1765,A,-9.090000000000003,147.0
1766,A,199.64,106.0
1767,B,108.75,195.0
1768,B,-2.759999999999991,174.0
1769,B,-17.0,170.0
1770,C,26.75,145.0
1771,A,61.31,137.0
1772,C,129.91,153.0
1773,A,-7.9599999999999795,164.0
1774,C,180.44,116.0
1775,C,-16.410000000000025,171.0
1776,A,62.19,109.0
1777,D,-49.29000000000002,177.0
1778,A,146.91,147.0
1779,B,119.35999999999999,158.0
1780,B,119.0,80.0
1781,B,91.59,121.0
1782,D,94.91,153.0
1783,B,85.99,101.0
1784,A,4.359999999999985,158.0
1785,D,32.70999999999998,173.0
1786,D,77.84,146.0
1787,A,35.0,130.0
1788,B,-60.69,187.0
1789,B,-2.0,150.0
1790,C,36.19,109.0
1791,A,80.36000000000001,192.0
1792,C,150.99,99.0
1793,B,58.75,135.0
1794,B,19.560000000000002,188.0
1795,C,50.15999999999997,172.0
1796,A,-43.0,190.0
1797,D,12.36,108.0
1798,B,91.99000000000001,199.0
1799,A,173.99,151.0
1800,C,94.44,134.0
1801,C,10.909999999999997,147.0
1802,D,6.159999999999997,128.0
1803,C,59.75,175.0
1804,B,19.24000000000001,126.0
1805,C,-24.24000000000001,182.0
1806,D,-42.24000000000001,168.0
1807,C,58.75999999999999,168.0
1808,D,2.839999999999975,196.0
1809,D,124.56,138.0
1810,B,37.0,110.0
1811,B,198.44,116.0
1812,B,167.84,104.0
1813,C,89.75,195.0
1814,D,-15.640000000000015,158.0
1815,D,198.75,85.0
1816,C,129.56,88.0
1817,A,156.24,124.0
1818,C,128.0,140.0
1819,D,-60.889999999999986,183.0
1820,D,100.44,116.0
1821,B,66.84,104.0
1822,B,28.560000000000002,162.0
1823,D,107.0,110.0
1824,C,16.0,90.0
1825,A,-12.0,180.0
1826,D,41.75,195.0
1827,A,33.84,146.0
1828,A,184.0,80.0
1829,B,150.79,111.0
1830,C,49.84,154.0
1831,B,129.59,121.0
1832,B,124.0,160.0
1833,D,18.75,195.0
1834,D,34.96000000000001,148.0
1835,B,88.44,184.0
1836,B,113.0,100.0
1837,B,127.70999999999998,173.0
1838,C,8.840000000000003,146.0
1839,D,56.75,185.0
1840,C,170.76,82.0
1841,C,46.19,141.0
1842,B,-34.25,195.0
1843,C,30.24000000000001,176.0
1844,A,95.84,104.0
1845,D,74.35999999999999,158.0
1846,D,-1.0,190.0
1847,A,-30.24000000000001,182.0
1848,A,77.96,98.0
1849,D,73.63999999999999,194.0
1850,A,43.44,84.0
1851,D,7.840000000000003,104.0
1852,C,120.35999999999999,142.0
1853,B,109.03999999999999,136.0
1854,D,-29.090000000000032,197.0
1855,D,-20.0,180.0
1856,B,-59.49000000000001,193.0
1857,B,42.360000000000014,192.0
1858,B,39.50999999999999,107.0
1859,D,166.24,124.0
1860,C,-12.640000000000015,142.0
1861,C,137.59,129.0
1862,A,95.71000000000001,123.0
1863,D,135.99,101.0
1864,C,68.0,160.0
1865,C,116.03999999999999,114.0
1866,A,116.75999999999999,118.0
1867,C,151.11,83.0
1868,A,138.24,126.0
1869,A,123.31,137.0
1870,B,20.75,175.0
1871,A,171.36,92.0
1872,D,184.76,118.0
1873,C,121.78999999999999,89.0
1874,B,10.310000000000002,113.0
1875,A,24.909999999999997,153.0
1876,D,163.91,147.0
1877,D,168.75,155.0
1878,A,-27.560000000000002,166.0
1879,A,-53.56,184.0
1880,D,28.95999999999998,198.0
1881,B,10.75,195.0
1882,D,-34.889999999999986,183.0
1883,D,16.789999999999992,89.0
1884,D,44.39,81.0
1885,C,5.789999999999992,111.0
1886,B,139.56,112.0
1887,C,69.0,160.0
1888,C,-28.49000000000001,157.0
1889,C,12.95999999999998,198.0
1890,A,82.31,113.0
1891,D,141.70999999999998,173.0
1892,C,45.16,128.0
1893,D,118.16,128.0
1894,C,112.10999999999999,117.0
1895,B,102.99,99.0
1896,D,84.99000000000001,151.0
1897,A,95.91,147.0
1898,C,140.58999999999997,179.0
1899,A,68.50999999999999,193.0
1900,B,164.56,88.0
1901,B,5.75,95.0
1902,C,100.58999999999997,171.0
1903,C,17.75999999999999,132.0
1904,C,84.99000000000001,151.0
1905,D,154.39,81.0
1906,A,185.04,114.0
1907,C,193.19,109.0
1908,D,166.99,99.0
1909,A,76.24000000000001,124.0
1910,B,5.9599999999999795,198.0
1911,D,106.19,109.0
1912,D,120.59,121.0
1913,D,-56.69,187.0
1914,D,79.56,88.0
1915,D,179.19,109.0
1916,C,180.0,120.0
1917,A,187.31,137.0
1918,D,22.109999999999985,117.0
1919,C,90.50999999999999,107.0
1920,C,149.64,106.0
1921,D,89.04000000000002,164.0
1922,D,156.44,84.0
1923,A,-2.0,140.0
1924,A,95.50999999999999,107.0
1925,A,34.03999999999999,136.0
1926,C,5.110000000000014,167.0
1927,B,68.0,110.0
1928,A,124.91,97.0
1929,A,27.760000000000005,82.0
1930,B,-10.0,170.0
1931,A,9.159999999999997,128.0
1932,B,173.0,110.0
1933,D,177.0,80.0
1934,C,70.70999999999998,177.0
1935,B,42.96000000000001,148.0
1936,C,59.75,105.0
1937,C,29.310000000000002,187.0
1938,C,76.58999999999997,179.0
1939,A,85.19,191.0
1940,D,39.44,166.0
1941,C,88.75999999999999,118.0
1942,D,40.75,115.0
1943,C,183.95999999999998,102.0
1944,A,141.31,113.0
1945,D,100.44,166.0
1946,C,10.960000000000008,148.0
1947,C,17.039999999999992,86.0
1948,B,67.99000000000001,199.0
1949,B,23.0,140.0
1950,D,30.0,190.0
1951,D,76.63999999999999,144.0
1952,C,11.189999999999998,141.0
1953,C,6.7099999999999795,173.0
1954,C,123.31,187.0
1955,D,20.75,125.0
1956,B,81.0,190.0
1957,C,115.0,90.0
1958,B,114.31,87.0
1959,C,57.75,105.0
1960,A,154.44,134.0
1961,C,56.31,87.0
1962,A,105.36000000000001,192.0
1963,D,88.59,129.0
1964,A,13.0,100.0
1965,B,21.109999999999985,133.0
1966,D,45.75,155.0
1967,A,18.909999999999997,147.0
1968,B,170.96,152.0
1969,D,62.59,129.0
1970,D,0.0,140.0
1971,D,122.15999999999997,172.0
1972,A,-1.759999999999991,124.0
1973,C,135.75,115.0
1974,B,78.38999999999999,119.0
1975,A,184.64,106.0
1976,D,77.16,122.0
1977,D,153.64,156.0
1978,B,47.24000000000001,124.0
1979,C,-8.009999999999991,199.0
1980,D,-13.490000000000009,193.0
1981,A,13.909999999999968,197.0
1982,A,165.35999999999999,142.0
1983,B,140.44,134.0
1984,A,4.360000000000014,192.0
1985,D,187.75,125.0
1986,A,82.0,170.0
1987,B,-4.009999999999991,151.0
1988,D,79.03999999999999,86.0
1989,D,63.91,103.0
1990,D,111.64,106.0
1991,C,-76.00999999999999,199.0
1992,D,-2.490000000000009,157.0
1993,B,42.0,170.0
1994,D,99.75,135.0
1995,B,174.0,140.0
1996,B,156.0,120.0
1997,B,129.75,95.0
1998,B,81.19,91.0
1999,A,76.64,94.0
