,Unnamed: 0.4,Unnamed: 0.3,Unnamed: 0.2,Unnamed: 0.1,Unnamed: 0,age,income,class
1,1,2,3,3,3,69,6791,class 1
2,2,4,5,5,5,40,4432,class 1
4,5,7,8,8,8,49,8383,class 1
5,8,10,11,11,11,23,6342,class 1
6,9,11,12,12,12,58,5055,class 1
7,10,12,13,13,13,24,7342,class 1
8,11,13,14,14,14,56,8605,class 1
9,12,14,15,15,15,51,9851,class 1
10,13,15,16,16,16,58,8073,class 1
13,17,21,22,22,22,49,5180,class 1
15,22,28,29,29,29,46,3564,class 1
16,23,29,30,30,30,61,3959,class 1
18,25,31,32,32,32,63,7468,class 1
21,29,36,37,37,37,65,9564,class 1
22,33,42,43,43,43,62,3798,class 1
24,35,46,47,47,47,34,4245,class 1
25,36,48,49,49,49,71,8192,class 1
27,38,51,52,52,52,45,4037,class 1
28,40,54,55,55,55,45,4751,class 1
29,41,55,56,56,56,21,7015,class 1
30,42,56,57,57,57,68,5325,class 1
31,44,58,59,59,59,36,3130,class 1
32,45,59,60,60,60,21,7598,class 1
35,48,65,66,66,66,27,8407,class 1
36,49,66,67,67,67,31,3772,class 1
37,50,68,69,69,69,27,3794,class 1
38,51,69,70,70,70,20,7115,class 1
39,52,70,71,71,71,56,8295,class 1
40,53,71,72,72,72,68,9214,class 1
41,54,73,74,74,74,58,7429,class 1
42,56,76,77,77,77,33,7470,class 1
44,59,80,81,81,81,36,5503,class 1
45,62,83,84,84,84,67,7769,class 1
47,67,89,90,90,90,68,5258,class 1
48,70,92,93,93,93,45,5591,class 1
49,71,93,94,94,94,72,4186,class 1
50,73,96,97,97,97,21,5279,class 1
51,74,97,98,98,98,51,7949,class 1
52,76,99,100,100,100,52,5979,class 1
53,77,100,101,101,101,50,9329,class 1
54,78,102,103,103,103,52,7120,class 1
57,83,107,108,108,108,57,7832,class 1
58,84,108,109,109,109,28,4474,class 1
59,85,109,110,110,110,67,4631,class 1
60,86,111,112,112,112,31,5253,class 1
61,88,114,115,115,115,55,4565,class 1
62,90,117,118,118,118,70,4880,class 1
63,91,118,119,119,119,61,6422,class 1
64,92,119,120,120,120,65,8436,class 1
65,93,120,121,121,121,62,6390,class 1
66,95,122,123,123,123,71,6497,class 1
67,96,123,124,124,124,76,4454,class 1
68,97,124,125,125,125,31,9411,class 1
69,98,126,127,127,127,31,9412,class 1
70,99,127,128,128,128,22,6025,class 1
71,100,129,130,130,130,51,3341,class 1
72,101,130,131,131,131,37,6774,class 1
73,102,131,132,132,132,78,5763,class 1
74,103,132,133,133,133,61,4200,class 1
75,104,133,134,134,134,71,4780,class 1
76,105,134,135,135,135,79,8463,class 1
77,106,135,136,136,136,38,4623,class 1
78,108,139,140,140,140,52,4431,class 1
79,110,141,142,142,142,74,9502,class 1
80,111,142,143,143,143,60,4844,class 1
81,112,143,144,144,144,36,9431,class 1
85,117,150,151,151,151,47,7787,class 1
86,119,154,155,155,155,42,5518,class 1
87,120,155,156,156,156,79,9720,class 1
88,121,157,158,158,158,30,7817,class 1
89,122,159,160,160,160,40,7284,class 1
90,124,161,162,162,162,46,8917,class 1
91,125,162,163,163,163,35,7271,class 1
92,126,163,164,164,164,51,5350,class 1
93,127,165,166,166,166,38,3255,class 1
94,129,167,168,168,168,59,5611,class 1
97,132,171,172,172,172,41,8877,class 1
99,134,173,174,174,174,50,8280,class 1
100,137,178,179,179,179,62,9917,class 1
101,138,179,180,180,180,45,7574,class 1
102,139,180,181,181,181,26,4086,class 1
103,140,181,182,182,182,23,8836,class 1
104,141,182,183,183,183,56,5868,class 1
105,142,183,184,184,184,56,5327,class 1
106,143,184,185,185,185,51,5561,class 1
108,145,186,187,187,187,53,5978,class 1
112,153,195,196,196,196,56,7066,class 1
113,158,201,202,202,202,58,5513,class 1
114,159,203,204,204,204,22,4368,class 1
115,160,205,206,206,206,37,9517,class 1
116,161,206,207,207,207,59,3322,class 1
118,163,210,211,211,211,68,6062,class 1
120,166,215,216,216,216,29,3108,class 1
121,167,216,217,217,217,30,4855,class 1
122,170,220,221,221,221,76,4965,class 1
123,171,221,222,222,222,76,7378,class 1
124,172,222,223,223,223,46,4086,class 1
125,173,224,225,225,225,64,3963,class 1
126,174,225,226,226,226,22,4326,class 1
128,177,229,230,230,230,57,5491,class 1
130,179,232,233,233,233,65,9025,class 1
131,180,233,234,234,234,23,8172,class 1
133,182,235,236,236,236,37,6661,class 1
135,184,238,239,239,239,53,6175,class 1
136,187,241,242,242,242,37,7021,class 1
137,188,242,243,243,243,29,4773,class 1
138,189,243,244,244,244,24,9706,class 1
139,190,244,245,245,245,37,3740,class 1
140,191,245,246,246,246,62,8655,class 1
141,193,247,248,248,248,51,9031,class 1
142,194,248,249,249,249,35,4844,class 1
143,195,252,253,253,253,80,8317,class 1
144,196,254,255,255,255,60,8085,class 1
145,197,255,256,256,256,34,5625,class 1
146,198,256,257,257,257,73,5762,class 1
147,199,257,258,258,258,31,6490,class 1
148,200,258,259,259,259,51,8819,class 1
149,202,260,261,261,261,78,7421,class 1
150,203,261,262,262,262,25,8847,class 1
152,205,264,265,265,265,43,6603,class 1
153,206,265,266,266,266,66,5749,class 1
155,209,270,271,271,271,32,9636,class 1
156,210,271,272,272,272,78,8683,class 1
159,218,284,285,285,285,70,9054,class 1
162,223,294,295,295,295,53,9860,class 1
163,224,295,296,296,296,40,7343,class 1
165,226,298,299,299,299,26,4763,class 1
166,227,299,300,300,300,30,4131,class 1
167,228,301,302,302,302,66,5301,class 1
168,229,302,303,303,303,76,9473,class 1
170,232,307,308,308,308,41,8795,class 1
171,233,309,310,310,310,51,5678,class 1
172,234,310,311,311,311,46,4674,class 1
173,235,311,312,312,312,34,9622,class 1
174,236,312,313,313,313,21,4087,class 1
176,238,315,316,316,316,36,7812,class 1
177,239,316,317,317,317,60,3243,class 1
178,240,317,318,318,318,67,7538,class 1
180,242,319,320,320,320,67,9415,class 1
181,243,320,321,321,321,31,4017,class 1
182,244,321,322,322,322,75,6920,class 1
183,245,322,323,323,323,23,3868,class 1
184,246,323,324,324,324,69,5832,class 1
185,247,324,325,325,325,38,3219,class 1
186,248,325,326,326,326,47,4873,class 1
187,249,326,327,327,327,55,5870,class 1
188,250,327,328,328,328,72,7169,class 1
189,251,328,329,329,329,46,4181,class 1
190,255,333,334,334,334,59,7866,class 1
191,256,335,336,336,336,66,8667,class 1
192,257,339,340,340,340,31,9531,class 1
193,258,340,341,341,341,34,8582,class 1
194,259,341,342,342,342,31,8968,class 1
195,260,342,343,343,343,20,3394,class 1
196,261,343,344,344,344,22,4755,class 1
197,265,349,350,350,350,64,4109,class 1
198,266,350,351,351,351,69,8434,class 1
201,271,358,359,359,359,72,4682,class 1
202,272,360,361,361,361,32,3394,class 1
203,273,361,362,362,362,68,5054,class 1
204,274,362,363,363,363,60,9664,class 1
205,277,365,366,366,366,60,8878,class 1
209,285,375,376,376,376,62,4074,class 1
211,287,377,378,378,378,73,3003,class 1
213,291,381,382,382,382,63,4469,class 1
215,293,384,385,385,385,73,7921,class 1
218,297,393,394,394,394,52,5888,class 1
219,299,395,396,396,396,77,4718,class 1
220,301,398,399,399,399,56,6690,class 1
221,303,401,402,402,402,23,3477,class 1
225,309,409,410,410,410,22,3030,class 1
226,310,410,411,411,411,51,4226,class 1
227,311,411,412,412,412,24,3044,class 1
228,315,417,418,418,418,31,8889,class 1
229,318,420,421,421,421,29,3715,class 1
230,319,422,423,423,423,78,5434,class 1
231,323,429,430,430,430,63,8042,class 1
232,324,430,431,431,431,28,7662,class 1
234,326,432,433,433,433,44,8763,class 1
235,327,433,434,434,434,28,3527,class 1
236,329,435,436,436,436,69,9740,class 1
237,330,437,438,438,438,55,7403,class 1
238,331,438,439,439,439,47,8133,class 1
239,332,440,441,441,441,21,4013,class 1
240,334,442,443,443,443,70,3306,class 1
243,337,448,449,449,449,65,5382,class 1
244,338,449,450,450,450,55,5822,class 1
245,339,451,452,452,452,73,9318,class 1
246,340,452,453,453,453,21,4785,class 1
247,341,453,454,454,454,24,6610,class 1
248,343,456,457,457,457,75,6743,class 1
249,345,458,459,459,459,27,4094,class 1
251,348,461,462,462,462,37,3073,class 1
253,351,465,466,466,466,44,3915,class 1
255,355,472,473,473,473,33,8199,class 1
256,356,474,475,475,475,50,5856,class 1
257,358,477,478,478,478,58,9975,class 1
258,359,478,479,479,479,26,3900,class 1
259,360,480,481,481,481,74,3339,class 1
260,361,481,482,482,482,26,3624,class 1
263,368,489,490,490,490,54,3886,class 1
264,369,491,492,492,492,37,4016,class 1
265,370,492,493,493,493,59,6911,class 1
266,371,493,494,494,494,71,3841,class 1
267,372,494,495,495,495,67,9209,class 1
268,373,497,498,498,498,52,4891,class 1
269,374,498,499,499,499,70,5049,class 1
270,375,499,500,500,500,31,4173,class 1
271,376,500,501,501,501,66,4608,class 1
272,378,502,503,503,503,40,3746,class 1
273,379,503,504,504,504,24,6458,class 1
274,380,504,505,505,505,52,4583,class 1
276,383,507,508,508,508,50,6852,class 1
277,384,508,509,509,509,38,6293,class 1
278,385,510,511,511,511,56,9848,class 1
279,386,511,512,512,512,79,9401,class 1
280,387,512,513,513,513,64,4654,class 1
281,389,514,515,515,515,36,7253,class 1
282,390,515,516,516,516,29,7679,class 1
286,396,524,525,525,525,56,7105,class 1
287,398,526,527,527,527,54,8972,class 1
288,399,527,528,528,528,55,7145,class 1
290,402,531,532,532,532,34,6227,class 1
291,403,532,533,533,533,24,8548,class 1
292,404,533,534,534,534,73,9933,class 1
293,405,534,535,535,535,48,7244,class 1
294,406,535,536,536,536,63,7118,class 1
295,407,536,537,537,537,34,3078,class 1
296,408,537,538,538,538,80,6986,class 1
297,409,538,539,539,539,27,4143,class 1
298,410,540,541,541,541,62,8687,class 1
299,412,543,544,544,544,35,4472,class 1
300,414,545,546,546,546,52,9166,class 1
301,415,546,547,547,547,53,3408,class 1
303,418,550,551,551,551,69,4534,class 1
304,419,551,552,552,552,77,8311,class 1
306,423,556,557,557,557,21,5987,class 1
307,424,557,558,558,558,47,3465,class 1
308,425,558,559,559,559,26,7751,class 1
309,426,559,560,560,560,76,6763,class 1
310,427,560,561,561,561,54,5146,class 1
311,428,563,564,564,564,31,6376,class 1
312,429,564,565,565,565,57,5375,class 1
313,431,566,567,567,567,42,6313,class 1
315,435,573,574,574,574,66,9086,class 1
316,438,577,578,578,578,75,7096,class 1
317,439,578,579,579,579,65,4329,class 1
318,441,580,581,581,581,46,9317,class 1
319,444,586,587,587,587,65,8445,class 1
320,445,587,588,588,588,44,3798,class 1
321,446,588,589,589,589,74,5778,class 1
322,447,589,590,590,590,61,5809,class 1
324,451,594,595,595,595,46,6475,class 1
325,452,595,596,596,596,80,6055,class 1
326,453,596,597,597,597,43,5914,class 1
327,454,597,598,598,598,23,5720,class 1
328,455,598,599,599,599,48,8922,class 1
330,458,601,602,602,602,54,10806,class 2
331,459,603,604,604,604,28,14939,class 2
332,460,604,605,605,605,30,12517,class 2
333,461,605,606,606,606,50,14322,class 2
334,462,606,607,607,607,28,12523,class 2
335,464,608,609,609,609,49,10566,class 2
336,465,610,611,611,611,57,12597,class 2
337,466,611,612,612,612,57,14823,class 2
338,467,613,614,614,614,21,13328,class 2
339,468,614,615,615,615,31,12121,class 2
340,469,615,616,616,616,72,12871,class 2
341,470,617,618,618,618,36,10438,class 2
342,471,619,620,620,620,41,11712,class 2
343,473,621,622,622,622,51,14366,class 2
344,474,622,623,623,623,63,13327,class 2
347,478,629,630,630,630,30,13031,class 2
348,479,631,632,632,632,26,10675,class 2
349,482,634,635,635,635,47,13103,class 2
350,483,635,636,636,636,50,11840,class 2
351,484,638,639,639,639,44,13501,class 2
352,487,642,643,643,643,72,12596,class 2
353,488,643,644,644,644,78,12313,class 2
354,491,646,647,647,647,73,14215,class 2
355,492,648,649,649,649,68,13822,class 2
356,493,649,650,650,650,43,13786,class 2
358,495,651,652,652,652,38,11943,class 2
359,498,656,657,657,657,61,14382,class 2
360,499,657,658,658,658,41,10915,class 2
361,500,658,659,659,659,63,10060,class 2
362,501,659,660,660,660,78,13218,class 2
363,504,664,665,665,665,56,11853,class 2
364,505,665,666,666,666,60,12154,class 2
365,506,666,667,667,667,29,14435,class 2
366,508,669,670,670,670,30,11841,class 2
368,510,672,673,673,673,51,10036,class 2
370,512,674,675,675,675,80,14791,class 2
371,513,675,676,676,676,52,14942,class 2
372,514,676,677,677,677,22,12974,class 2
373,515,677,678,678,678,30,14012,class 2
374,516,679,680,680,680,73,11654,class 2
375,517,680,681,681,681,53,11032,class 2
377,519,682,683,683,683,67,11850,class 2
378,520,685,686,686,686,56,12601,class 2
379,522,687,688,688,688,25,13159,class 2
382,525,690,691,691,691,78,11539,class 2
384,528,694,695,695,695,43,14056,class 2
385,529,697,698,698,698,70,10723,class 2
386,531,700,701,701,701,27,14832,class 2
387,532,701,702,702,702,36,10908,class 2
388,533,702,703,703,703,75,12828,class 2
389,534,703,704,704,704,59,11183,class 2
390,535,704,705,705,705,76,10636,class 2
391,537,706,707,707,707,29,12851,class 2
392,539,708,709,709,709,76,11720,class 2
393,540,709,710,710,710,37,12888,class 2
394,541,711,712,712,712,32,10097,class 2
395,542,712,713,713,713,28,12010,class 2
397,545,716,717,717,717,22,11193,class 2
399,548,721,722,722,722,34,13764,class 2
400,549,722,723,723,723,48,13527,class 2
401,551,724,725,725,725,68,13592,class 2
402,552,725,726,726,726,24,10665,class 2
403,553,727,728,728,728,36,10686,class 2
405,556,731,732,732,732,41,14201,class 2
406,557,732,733,733,733,24,11474,class 2
407,560,737,738,738,738,34,13752,class 2
408,561,738,739,739,739,35,12064,class 2
409,562,739,740,740,740,56,13995,class 2
410,563,740,741,741,741,58,12937,class 2
411,564,742,743,743,743,41,13955,class 2
413,567,745,746,746,746,24,13748,class 2
415,570,750,751,751,751,62,11027,class 2
417,572,752,753,753,753,24,12346,class 2
418,573,753,754,754,754,78,13478,class 2
419,575,757,758,758,758,55,10965,class 2
420,576,758,759,759,759,56,10900,class 2
421,579,763,764,764,764,35,13846,class 2
422,580,764,765,765,765,52,13214,class 2
423,581,765,766,766,766,60,10488,class 2
424,582,766,767,767,767,78,11150,class 2
426,584,769,770,770,770,74,10014,class 2
427,585,770,771,771,771,24,12394,class 2
428,587,772,773,773,773,25,14229,class 2
430,590,775,776,776,776,21,14438,class 2
433,593,778,779,779,779,20,10647,class 2
434,595,780,781,781,781,55,10661,class 2
435,598,783,784,784,784,48,14917,class 2
436,602,787,788,788,788,58,11829,class 2
437,603,788,789,789,789,31,14142,class 2
438,607,795,796,796,796,49,10595,class 2
441,613,803,804,804,804,52,10108,class 2
442,614,805,806,806,806,41,14828,class 2
443,616,808,809,809,809,42,11312,class 2
444,617,809,810,810,810,38,11912,class 2
446,619,811,812,812,812,57,13420,class 2
447,620,812,813,813,813,65,14365,class 2
448,621,813,814,814,814,42,12451,class 2
451,624,817,818,818,818,39,11796,class 2
453,626,819,820,820,820,36,13334,class 2
454,627,820,821,821,821,26,14024,class 2
455,628,821,822,822,822,34,10526,class 2
456,629,822,823,823,823,22,11445,class 2
457,630,823,824,824,824,21,10520,class 2
459,632,826,827,827,827,56,11377,class 2
460,633,827,828,828,828,25,10072,class 2
461,634,828,829,829,829,37,12716,class 2
462,635,830,831,831,831,57,12651,class 2
463,636,831,832,832,832,72,11402,class 2
466,641,836,837,837,837,20,11078,class 2
467,645,843,844,844,844,54,14159,class 2
468,647,845,846,846,846,47,10224,class 2
469,648,846,847,847,847,63,14384,class 2
470,649,847,848,848,848,20,11810,class 2
471,650,848,849,849,849,26,12269,class 2
472,653,852,853,853,853,78,10005,class 2
473,654,854,855,855,855,40,14920,class 2
474,655,855,856,856,856,50,11851,class 2
476,657,857,858,858,858,77,13748,class 2
477,658,860,861,861,861,20,14818,class 2
478,659,866,867,867,867,58,14028,class 2
479,661,868,869,869,869,63,14079,class 2
480,662,869,870,870,870,46,14104,class 2
481,663,871,872,872,872,24,12649,class 2
483,666,874,875,875,875,22,13860,class 2
485,668,876,877,877,877,39,14414,class 2
486,670,881,882,882,882,74,13393,class 2
487,671,882,883,883,883,53,13389,class 2
488,672,883,884,884,884,42,12922,class 2
489,673,884,885,885,885,61,13776,class 2
490,676,888,889,889,889,41,14858,class 2
491,677,890,891,891,891,53,13260,class 2
492,678,892,893,893,893,75,10331,class 2
493,679,893,894,894,894,56,10719,class 2
494,680,894,895,895,895,57,13075,class 2
495,681,898,899,899,899,30,10124,class 2
497,683,900,901,901,901,22,14969,class 2
498,685,902,903,903,903,65,14917,class 2
499,686,904,905,905,905,77,11286,class 2
500,687,905,906,906,906,73,14506,class 2
501,688,906,907,907,907,72,14369,class 2
502,689,907,908,908,908,43,10381,class 2
503,690,908,909,909,909,59,14738,class 2
504,691,909,910,910,910,25,10193,class 2
505,692,910,911,911,911,57,14963,class 2
507,694,912,913,913,913,27,12957,class 2
508,695,914,915,915,915,60,14398,class 2
509,696,915,916,916,916,25,14934,class 2
510,697,916,917,917,917,42,12601,class 2
513,700,919,920,920,920,25,14166,class 2
514,701,920,921,921,921,74,13297,class 2
516,703,922,923,923,923,31,12914,class 2
517,704,925,926,926,926,37,10747,class 2
518,705,926,927,927,927,45,13436,class 2
520,707,928,929,929,929,66,14092,class 2
521,708,929,930,930,930,74,13690,class 2
522,709,930,931,931,931,55,13649,class 2
523,710,934,935,935,935,43,14178,class 2
524,711,936,937,937,937,52,13093,class 2
525,712,938,939,939,939,65,12339,class 2
526,714,940,941,941,941,34,13947,class 2
529,717,946,947,947,947,57,12973,class 2
530,718,947,948,948,948,60,11232,class 2
531,719,949,950,950,950,34,11920,class 2
533,721,951,952,952,952,70,11342,class 2
536,724,954,955,955,955,76,11140,class 2
539,728,959,960,960,960,71,13853,class 2
540,730,961,962,962,962,45,14551,class 2
541,732,964,965,965,965,21,14407,class 2
543,735,967,968,968,968,77,14671,class 2
546,740,974,975,975,975,52,13547,class 2
547,745,979,980,980,980,57,11733,class 2
548,746,980,981,981,981,44,13259,class 2
549,748,982,983,983,983,44,11666,class 2
551,751,986,987,987,987,25,11593,class 2
552,753,989,990,990,990,71,13998,class 2
553,754,990,991,991,991,32,11514,class 2
554,756,992,993,993,993,44,11974,class 2
555,757,993,994,994,994,20,11192,class 2
556,758,994,995,995,995,72,11048,class 2
557,759,995,996,996,996,27,12961,class 2
559,761,997,998,998,998,24,10050,class 2
560,762,998,999,999,999,77,12865,class 2
561,763,999,1000,1000,1000,50,11978,class 2
562,764,1001,1002,1002,1002,26,13266,class 2
563,765,1002,1003,1003,1003,33,14970,class 2
565,767,1006,1007,1007,1007,58,12915,class 2
567,769,1008,1009,1009,1009,74,12272,class 2
568,770,1009,1010,1010,1010,68,12363,class 2
569,771,1010,1011,1011,1011,47,14294,class 2
570,772,1011,1012,1012,1012,61,11045,class 2
572,775,1014,1015,1015,1015,40,10004,class 2
574,777,1019,1020,1020,1020,50,12596,class 2
575,778,1021,1022,1022,1022,31,12470,class 2
576,779,1023,1024,1024,1024,58,12341,class 2
577,780,1024,1025,1025,1025,73,12090,class 2
578,782,1026,1027,1027,1027,59,14414,class 2
579,783,1027,1028,1028,1028,30,12785,class 2
580,784,1030,1031,1031,1031,44,14386,class 2
581,785,1031,1032,1032,1032,55,13468,class 2
582,786,1032,1033,1033,1033,60,12369,class 2
583,787,1033,1034,1034,1034,77,14119,class 2
585,789,1035,1036,1036,1036,73,11289,class 2
586,790,1036,1037,1037,1037,39,13425,class 2
587,791,1037,1038,1038,1038,34,14205,class 2
589,793,1039,1040,1040,1040,20,11179,class 2
591,795,1041,1042,1042,1042,80,14106,class 2
592,796,1042,1043,1043,1043,45,14720,class 2
594,799,1045,1046,1046,1046,25,10513,class 2
595,800,1046,1047,1047,1047,45,13996,class 2
597,805,1052,1053,1053,1053,77,14914,class 2
599,807,1054,1055,1055,1055,32,13120,class 2
600,809,1056,1057,1057,1057,38,11442,class 2
603,813,1061,1062,1062,1062,78,12406,class 2
604,815,1063,1064,1064,1064,68,14738,class 2
608,820,1068,1069,1069,1069,46,14804,class 2
609,821,1071,1072,1072,1072,51,11477,class 2
610,822,1072,1073,1073,1073,68,12092,class 2
611,823,1074,1075,1075,1075,31,12780,class 2
612,824,1075,1076,1076,1076,54,14519,class 2
613,825,1076,1077,1077,1077,59,14159,class 2
614,826,1078,1079,1079,1079,21,14428,class 2
615,828,1083,1084,1084,1084,58,14882,class 2
616,829,1085,1086,1086,1086,50,10128,class 2
617,830,1086,1087,1087,1087,58,14363,class 2
619,832,1088,1089,1089,1089,42,10435,class 2
620,836,1097,1098,1098,1098,30,11002,class 2
621,837,1100,1101,1101,1101,39,13972,class 2
622,838,1102,1103,1103,1103,58,10439,class 2
624,841,1105,1106,1106,1106,45,14877,class 2
625,843,1108,1109,1109,1109,46,10653,class 2
626,844,1109,1110,1110,1110,73,13771,class 2
627,845,1110,1111,1111,1111,43,10887,class 2
628,847,1112,1113,1113,1113,71,11968,class 2
629,848,1113,1114,1114,1114,75,14201,class 2
630,850,1116,1117,1117,1117,56,12951,class 2
631,852,1118,1119,1119,1119,62,13299,class 2
632,853,1119,1120,1120,1120,68,10221,class 2
633,854,1122,1123,1123,1123,72,10076,class 2
635,856,1125,1126,1126,1126,23,12692,class 2
636,857,1127,1128,1128,1128,50,14093,class 2
637,858,1128,1129,1129,1129,66,14002,class 2
638,859,1130,1131,1131,1131,25,12827,class 2
639,860,1131,1132,1132,1132,62,12875,class 2
640,864,1136,1137,1137,1137,50,14719,class 2
642,868,1140,1141,1141,1141,44,12281,class 2
643,869,1141,1142,1142,1142,76,14744,class 2
644,870,1142,1143,1143,1143,26,13090,class 2
645,872,1146,1147,1147,1147,22,14628,class 2
646,873,1147,1148,1148,1148,34,10008,class 2
647,874,1148,1149,1149,1149,44,12214,class 2
648,875,1149,1150,1150,1150,53,11094,class 2
649,876,1150,1151,1151,1151,49,11146,class 2
650,877,1151,1152,1152,1152,74,13299,class 2
651,878,1153,1154,1154,1154,47,10068,class 2
652,879,1154,1155,1155,1155,24,10725,class 2
653,880,1155,1156,1156,1156,59,13617,class 2
654,883,1158,1159,1159,1159,24,10619,class 2
656,886,1164,1165,1165,1165,26,10625,class 2
657,887,1165,1166,1166,1166,49,11773,class 2
658,889,1167,1168,1168,1168,58,14787,class 2
659,890,1169,1170,1170,1170,22,11749,class 2
660,892,1171,1172,1172,1172,64,10178,class 2
661,893,1172,1173,1173,1173,56,13339,class 2
662,894,1174,1175,1175,1175,41,11902,class 2
663,895,1175,1176,1176,1176,39,14656,class 2
664,898,1179,1180,1180,1180,20,12842,class 2
665,899,1180,1181,1181,1181,78,14983,class 2
666,900,1181,1182,1182,1182,32,13363,class 2
667,902,1183,1184,1184,1184,60,10093,class 2
668,903,1184,1185,1185,1185,44,10250,class 2
669,904,1185,1186,1186,1186,61,12682,class 2
670,906,1187,1188,1188,1188,43,13153,class 2
671,907,1189,1190,1190,1190,63,11637,class 2
672,908,1190,1191,1191,1191,44,13026,class 2
673,909,1192,1193,1193,1193,63,13809,class 2
674,910,1193,1194,1194,1194,57,12785,class 2
676,913,1196,1197,1197,1197,27,10875,class 2
677,915,1200,1201,1201,1201,28,15042,class 3
678,916,1201,1202,1202,1202,53,19863,class 3
679,917,1202,1203,1203,1203,31,15674,class 3
680,918,1203,1204,1204,1204,32,18743,class 3
681,919,1204,1205,1205,1205,68,18210,class 3
682,920,1205,1206,1206,1206,53,16122,class 3
683,921,1206,1207,1207,1207,24,18203,class 3
684,922,1209,1210,1210,1210,54,17933,class 3
685,923,1210,1211,1211,1211,66,16150,class 3
687,925,1212,1213,1213,1213,49,15825,class 3
688,927,1214,1215,1215,1215,60,17529,class 3
689,928,1215,1216,1216,1216,25,18246,class 3
690,929,1216,1217,1217,1217,72,16905,class 3
691,932,1221,1222,1222,1222,57,15071,class 3
692,933,1222,1223,1223,1223,36,17315,class 3
695,936,1225,1226,1226,1226,44,15751,class 3
696,937,1226,1227,1227,1227,58,15430,class 3
699,940,1231,1232,1232,1232,62,15037,class 3
700,941,1233,1234,1234,1234,24,16028,class 3
702,943,1235,1236,1236,1236,36,15307,class 3
703,944,1236,1237,1237,1237,77,17062,class 3
706,948,1240,1241,1241,1241,80,19626,class 3
708,951,1250,1251,1251,1251,40,18660,class 3
709,952,1253,1254,1254,1254,72,17094,class 3
711,955,1257,1258,1258,1258,80,17118,class 3
712,956,1260,1261,1261,1261,43,16078,class 3
714,958,1265,1266,1266,1266,40,16368,class 3
715,961,1270,1271,1271,1271,67,17853,class 3
717,964,1278,1279,1279,1279,28,16019,class 3
718,965,1279,1280,1280,1280,45,15256,class 3
719,969,1286,1287,1287,1287,22,16514,class 3
720,970,1288,1289,1289,1289,26,19449,class 3
721,971,1290,1291,1291,1291,25,15056,class 3
723,973,1294,1295,1295,1295,39,19459,class 3
724,974,1296,1297,1297,1297,59,15542,class 3
725,975,1298,1299,1299,1299,21,19620,class 3
726,977,1300,1301,1301,1301,29,18473,class 3
727,978,1301,1302,1302,1302,71,16638,class 3
728,979,1302,1303,1303,1303,42,19787,class 3
729,981,1304,1305,1305,1305,63,18903,class 3
730,982,1305,1306,1306,1306,60,17330,class 3
731,983,1306,1307,1307,1307,70,17202,class 3
732,984,1307,1308,1308,1308,80,15510,class 3
734,986,1309,1310,1310,1310,51,17838,class 3
735,990,1314,1315,1315,1315,48,15611,class 3
736,991,1316,1317,1317,1317,54,17244,class 3
737,992,1317,1318,1318,1318,58,15679,class 3
738,993,1318,1319,1319,1319,32,18117,class 3
739,994,1320,1321,1321,1321,31,16000,class 3
740,995,1321,1322,1322,1322,48,15395,class 3
741,997,1323,1324,1324,1324,27,17209,class 3
743,999,1328,1329,1329,1329,59,17686,class 3
744,1000,1329,1330,1330,1330,29,19450,class 3
745,1001,1330,1331,1331,1331,77,16078,class 3
746,1002,1331,1332,1332,1332,38,15885,class 3
747,1005,1339,1340,1340,1340,63,16788,class 3
748,1006,1341,1342,1342,1342,45,17085,class 3
749,1007,1342,1343,1343,1343,37,15065,class 3
750,1008,1343,1344,1344,1344,55,17301,class 3
751,1009,1344,1345,1345,1345,40,19832,class 3
752,1010,1345,1346,1346,1346,76,15603,class 3
753,1011,1346,1347,1347,1347,29,15259,class 3
754,1012,1347,1348,1348,1348,48,18834,class 3
755,1013,1348,1349,1349,1349,28,18474,class 3
756,1014,1352,1353,1353,1353,27,15561,class 3
757,1016,1355,1356,1356,1356,38,16108,class 3
759,1020,1361,1362,1362,1362,30,17099,class 3
760,1021,1362,1363,1363,1363,37,15461,class 3
762,1025,1367,1368,1368,1368,52,16969,class 3
764,1028,1371,1372,1372,1372,43,15686,class 3
766,1030,1373,1374,1374,1374,31,16272,class 3
769,1035,1380,1381,1381,1381,21,17889,class 3
770,1036,1381,1382,1382,1382,53,18353,class 3
773,1039,1384,1385,1385,1385,59,17883,class 3
774,1040,1385,1386,1386,1386,48,15336,class 3
775,1041,1386,1387,1387,1387,55,16748,class 3
777,1044,1390,1391,1391,1391,61,16900,class 3
778,1045,1392,1393,1393,1393,68,15976,class 3
780,1049,1398,1399,1399,1399,76,19207,class 3
781,1050,1399,1400,1400,1400,37,18486,class 3
782,1051,1400,1401,1401,1401,37,18243,class 3
784,1053,1402,1403,1403,1403,71,19100,class 3
785,1054,1405,1406,1406,1406,21,18382,class 3
786,1055,1406,1407,1407,1407,75,19876,class 3
787,1056,1407,1408,1408,1408,30,18804,class 3
788,1057,1408,1409,1409,1409,31,19215,class 3
790,1060,1412,1413,1413,1413,63,17423,class 3
791,1062,1414,1415,1415,1415,40,15801,class 3
793,1065,1419,1420,1420,1420,34,17656,class 3
794,1066,1420,1421,1421,1421,21,17730,class 3
795,1067,1421,1422,1422,1422,71,15970,class 3
797,1069,1424,1425,1425,1425,76,18063,class 3
798,1070,1425,1426,1426,1426,80,18537,class 3
800,1072,1430,1431,1431,1431,65,18115,class 3
803,1077,1435,1436,1436,1436,78,15726,class 3
804,1079,1437,1438,1438,1438,70,17187,class 3
806,1081,1440,1441,1441,1441,72,15652,class 3
807,1084,1445,1446,1446,1446,64,17772,class 3
808,1085,1447,1448,1448,1448,40,17319,class 3
810,1087,1450,1451,1451,1451,52,19587,class 3
812,1089,1452,1453,1453,1453,57,17171,class 3
814,1091,1454,1455,1455,1455,52,17833,class 3
815,1092,1456,1457,1457,1457,77,18879,class 3
816,1093,1457,1458,1458,1458,75,15239,class 3
817,1094,1459,1460,1460,1460,22,15423,class 3
818,1095,1460,1461,1461,1461,54,17636,class 3
819,1096,1461,1462,1462,1462,70,16513,class 3
820,1097,1462,1463,1463,1463,67,16565,class 3
821,1098,1463,1464,1464,1464,63,17551,class 3
822,1099,1465,1466,1466,1466,59,16371,class 3
823,1100,1466,1467,1467,1467,53,19287,class 3
824,1101,1467,1468,1468,1468,61,19601,class 3
825,1102,1468,1469,1469,1469,42,15533,class 3
828,1106,1474,1475,1475,1475,37,16643,class 3
831,1109,1480,1481,1481,1481,62,19171,class 3
832,1110,1481,1482,1482,1482,37,19929,class 3
833,1112,1483,1484,1484,1484,65,19285,class 3
835,1114,1485,1486,1486,1486,77,16665,class 3
836,1120,1494,1495,1495,1495,78,18389,class 3
837,1122,1497,1498,1498,1498,63,17881,class 3
838,1125,1501,1502,1502,1502,28,17128,class 3
840,1128,1505,1506,1506,1506,60,15316,class 3
842,1130,1509,1510,1510,1510,60,16772,class 3
843,1132,1512,1513,1513,1513,75,19732,class 3
844,1133,1513,1514,1514,1514,43,16505,class 3
845,1134,1514,1515,1515,1515,48,16763,class 3
846,1135,1516,1517,1517,1517,47,18951,class 3
847,1136,1517,1518,1518,1518,54,18922,class 3
848,1139,1521,1522,1522,1522,37,18605,class 3
849,1140,1522,1523,1523,1523,28,17499,class 3
850,1141,1524,1525,1525,1525,43,18466,class 3
851,1143,1526,1527,1527,1527,49,17820,class 3
852,1144,1528,1529,1529,1529,26,15225,class 3
854,1146,1530,1531,1531,1531,26,15421,class 3
855,1147,1531,1532,1532,1532,50,19187,class 3
856,1148,1532,1533,1533,1533,24,19847,class 3
857,1149,1533,1534,1534,1534,49,17575,class 3
858,1151,1537,1538,1538,1538,64,19329,class 3
859,1152,1538,1539,1539,1539,23,15471,class 3
860,1153,1539,1540,1540,1540,79,16676,class 3
861,1154,1540,1541,1541,1541,52,16796,class 3
863,1156,1544,1545,1545,1545,79,15380,class 3
865,1158,1546,1547,1547,1547,65,18565,class 3
867,1160,1549,1550,1550,1550,28,15639,class 3
868,1161,1551,1552,1552,1552,59,17501,class 3
869,1163,1554,1555,1555,1555,44,15288,class 3
871,1166,1558,1559,1559,1559,74,17192,class 3
873,1168,1561,1562,1562,1562,55,18663,class 3
874,1171,1564,1565,1565,1565,67,19947,class 3
875,1172,1565,1566,1566,1566,47,15947,class 3
876,1173,1566,1567,1567,1567,58,18496,class 3
877,1174,1567,1568,1568,1568,65,19042,class 3
878,1176,1570,1571,1571,1571,66,16036,class 3
879,1177,1571,1572,1572,1572,31,19526,class 3
882,1180,1574,1575,1575,1575,58,19052,class 3
883,1184,1578,1579,1579,1579,39,19880,class 3
884,1185,1579,1580,1580,1580,75,17369,class 3
885,1186,1580,1581,1581,1581,34,17548,class 3
888,1189,1586,1587,1587,1587,33,18887,class 3
889,1191,1588,1589,1589,1589,56,17440,class 3
890,1193,1591,1592,1592,1592,49,19484,class 3
892,1195,1593,1594,1594,1594,61,18932,class 3
893,1196,1594,1595,1595,1595,33,16922,class 3
894,1197,1596,1597,1597,1597,55,18210,class 3
895,1198,1597,1598,1598,1598,53,19125,class 3
896,1199,1599,1600,1600,1600,69,16076,class 3
897,1200,1600,1601,1601,1601,27,16969,class 3
898,1201,1601,1602,1602,1602,35,17184,class 3
899,1202,1602,1603,1603,1603,52,16745,class 3
900,1203,1603,1604,1604,1604,54,17260,class 3
901,1204,1608,1609,1609,1609,66,18006,class 3
902,1206,1612,1613,1613,1613,74,19756,class 3
903,1209,1617,1618,1618,1618,53,17596,class 3
906,1213,1622,1623,1623,1623,33,19324,class 3
908,1215,1629,1630,1630,1630,63,17507,class 3
909,1216,1630,1631,1631,1631,58,15033,class 3
911,1220,1637,1638,1638,1638,44,18953,class 3
912,1221,1638,1639,1639,1639,78,17561,class 3
913,1222,1639,1640,1640,1640,62,19894,class 3
914,1223,1642,1643,1643,1643,22,16031,class 3
916,1225,1645,1646,1646,1646,53,16843,class 3
917,1226,1647,1648,1648,1648,73,19313,class 3
919,1228,1650,1651,1651,1651,24,17176,class 3
921,1231,1653,1654,1654,1654,20,17284,class 3
922,1233,1655,1656,1656,1656,25,18035,class 3
923,1234,1656,1657,1657,1657,52,16631,class 3
924,1235,1658,1659,1659,1659,44,16278,class 3
927,1241,1664,1665,1665,1665,24,18708,class 3
929,1244,1667,1668,1668,1668,39,19605,class 3
930,1245,1668,1669,1669,1669,27,19534,class 3
931,1248,1672,1673,1673,1673,26,18428,class 3
932,1251,1677,1678,1678,1678,48,19961,class 3
933,1252,1678,1679,1679,1679,50,17114,class 3
935,1254,1680,1681,1681,1681,45,16046,class 3
937,1257,1685,1686,1686,1686,79,17856,class 3
938,1258,1687,1688,1688,1688,31,18907,class 3
941,1262,1692,1693,1693,1693,21,18419,class 3
942,1263,1693,1694,1694,1694,65,15277,class 3
943,1264,1694,1695,1695,1695,41,15691,class 3
944,1265,1696,1697,1697,1697,47,19783,class 3
945,1266,1697,1698,1698,1698,33,18519,class 3
946,1268,1699,1700,1700,1700,24,19951,class 3
947,1271,1704,1705,1705,1705,29,18960,class 3
949,1273,1706,1707,1707,1707,71,16758,class 3
950,1274,1708,1709,1709,1709,78,18607,class 3
951,1275,1709,1710,1710,1710,35,18445,class 3
952,1276,1710,1711,1711,1711,25,16493,class 3
953,1278,1712,1713,1713,1713,46,15115,class 3
955,1280,1715,1716,1716,1716,37,16673,class 3
956,1281,1716,1717,1717,1717,59,15490,class 3
957,1283,1719,1720,1720,1720,66,15978,class 3
958,1284,1721,1722,1722,1722,77,18101,class 3
959,1285,1722,1723,1723,1723,47,18339,class 3
960,1287,1724,1725,1725,1725,65,16118,class 3
961,1288,1725,1726,1726,1726,66,18232,class 3
962,1289,1726,1727,1727,1727,65,18080,class 3
963,1290,1727,1728,1728,1728,69,17352,class 3
964,1292,1729,1730,1730,1730,80,18428,class 3
965,1294,1733,1734,1734,1734,31,18002,class 3
966,1295,1734,1735,1735,1735,29,17827,class 3
968,1297,1739,1740,1740,1740,71,15473,class 3
969,1299,1741,1742,1742,1742,76,15757,class 3
971,1302,1744,1745,1745,1745,56,15385,class 3
972,1304,1747,1748,1748,1748,74,16886,class 3
973,1305,1748,1749,1749,1749,73,15546,class 3
974,1306,1749,1750,1750,1750,24,16793,class 3
976,1308,1752,1753,1753,1753,52,18641,class 3
977,1309,1753,1754,1754,1754,59,19151,class 3
978,1310,1756,1757,1757,1757,43,15660,class 3
979,1311,1761,1762,1762,1762,39,17652,class 3
980,1312,1763,1764,1764,1764,43,16172,class 3
981,1313,1764,1765,1765,1765,38,19868,class 3
982,1314,1766,1767,1767,1767,37,17606,class 3
983,1316,1768,1769,1769,1769,76,16759,class 3
987,1321,1774,1775,1775,1775,51,16329,class 3
988,1323,1776,1777,1777,1777,41,16703,class 3
989,1324,1778,1779,1779,1779,41,15702,class 3
990,1325,1779,1780,1780,1780,75,15245,class 3
992,1327,1781,1782,1782,1782,46,16351,class 3
993,1328,1782,1783,1783,1783,36,18352,class 3
994,1332,1788,1789,1789,1789,60,17847,class 3
995,1334,1790,1791,1791,1791,51,19956,class 3
996,1335,1792,1793,1793,1793,65,17465,class 3
997,1337,1795,1796,1796,1796,62,17757,class 3
998,1338,1796,1797,1797,1797,55,19806,class 3
999,1339,1797,1798,1798,1798,76,18324,class 3
1001,1342,1802,1803,1803,1803,70,29175,class 4
1003,1344,1807,1808,1808,1808,67,20438,class 4
1004,1346,1812,1813,1813,1813,67,20898,class 4
1005,1347,1814,1815,1815,1815,39,26446,class 4
1006,1348,1816,1817,1817,1817,80,24953,class 4
1007,1349,1817,1818,1818,1818,20,23601,class 4
1008,1350,1818,1819,1819,1819,58,21396,class 4
1009,1351,1819,1820,1820,1820,79,22841,class 4
1010,1353,1821,1822,1822,1822,55,25875,class 4
1011,1354,1824,1825,1825,1825,73,24783,class 4
1012,1355,1825,1826,1826,1826,47,21699,class 4
1013,1357,1828,1829,1829,1829,46,22918,class 4
1014,1358,1829,1830,1830,1830,68,24019,class 4
1015,1359,1830,1831,1831,1831,62,22144,class 4
1016,1361,1833,1834,1834,1834,59,21279,class 4
1017,1363,1835,1836,1836,1836,80,25279,class 4
1019,1365,1837,1838,1838,1838,78,21244,class 4
1020,1367,1839,1840,1840,1840,63,23965,class 4
1022,1370,1842,1843,1843,1843,28,25535,class 4
1024,1372,1844,1845,1845,1845,70,22200,class 4
1025,1373,1848,1849,1849,1849,64,28237,class 4
1026,1376,1853,1854,1854,1854,75,22381,class 4
1027,1378,1855,1856,1856,1856,58,20723,class 4
1028,1379,1856,1857,1857,1857,60,24537,class 4
1029,1380,1857,1858,1858,1858,75,21466,class 4
1030,1381,1858,1859,1859,1859,31,21344,class 4
1032,1383,1860,1861,1861,1861,59,27974,class 4
1033,1384,1861,1862,1862,1862,25,25454,class 4
1034,1387,1864,1865,1865,1865,40,24002,class 4
1036,1389,1866,1867,1867,1867,70,20757,class 4
1037,1390,1867,1868,1868,1868,42,24280,class 4
1039,1392,1869,1870,1870,1870,52,26195,class 4
1040,1395,1872,1873,1873,1873,72,20301,class 4
1042,1399,1882,1883,1883,1883,52,22968,class 4
1045,1402,1886,1887,1887,1887,72,26257,class 4
1046,1405,1890,1891,1891,1891,24,25569,class 4
1047,1408,1893,1894,1894,1894,59,29447,class 4
1048,1412,1897,1898,1898,1898,28,29202,class 4
1050,1415,1900,1901,1901,1901,57,22191,class 4
1055,1420,1907,1908,1908,1908,41,25959,class 4
1056,1421,1908,1909,1909,1909,72,25834,class 4
1057,1422,1909,1910,1910,1910,72,27438,class 4
1058,1423,1910,1911,1911,1911,43,29768,class 4
1059,1424,1911,1912,1912,1912,45,21676,class 4
1060,1425,1914,1915,1915,1915,67,24775,class 4
1061,1426,1915,1916,1916,1916,64,26135,class 4
1063,1430,1921,1922,1922,1922,54,24611,class 4
1066,1436,1932,1933,1933,1933,50,25828,class 4
1069,1441,1938,1939,1939,1939,57,29793,class 4
1070,1443,1940,1941,1941,1941,64,20511,class 4
1071,1445,1942,1943,1943,1943,54,22808,class 4
1072,1446,1943,1944,1944,1944,45,23809,class 4
1073,1447,1944,1945,1945,1945,25,24201,class 4
1074,1448,1946,1947,1947,1947,40,22051,class 4
1075,1449,1948,1949,1949,1949,74,23421,class 4
1076,1450,1949,1950,1950,1950,45,23511,class 4
1078,1454,1955,1956,1956,1956,30,27107,class 4
1080,1457,1958,1959,1959,1959,71,25535,class 4
1081,1458,1959,1960,1960,1960,47,22128,class 4
1083,1460,1962,1963,1963,1963,38,20815,class 4
1084,1461,1964,1965,1965,1965,42,29878,class 4
1086,1463,1966,1967,1967,1967,56,29945,class 4
1089,1467,1970,1971,1971,1971,42,24021,class 4
1091,1469,1972,1973,1973,1973,72,20757,class 4
1093,1471,1974,1975,1975,1975,62,23425,class 4
1094,1472,1976,1977,1977,1977,77,24555,class 4
1095,1473,1977,1978,1978,1978,56,25878,class 4
1096,1474,1978,1979,1979,1979,60,29261,class 4
1097,1478,1986,1987,1987,1987,77,29780,class 4
1098,1479,1987,1988,1988,1988,26,27934,class 4
1100,1481,1989,1990,1990,1990,72,26103,class 4
1101,1482,1991,1992,1992,1992,21,28733,class 4
1102,1483,1993,1994,1994,1994,41,27878,class 4
1103,1484,1994,1995,1995,1995,58,26025,class 4
1105,1489,2004,2005,2005,2005,54,23924,class 4
1106,1490,2006,2007,2007,2007,32,25595,class 4
1107,1492,2008,2009,2009,2009,31,21208,class 4
1108,1493,2011,2012,2012,2012,58,26622,class 4
1109,1495,2014,2015,2015,2015,31,22662,class 4
1110,1497,2016,2017,2017,2017,67,21121,class 4
1111,1498,2018,2019,2019,2019,31,29833,class 4
1113,1500,2020,2021,2021,2021,48,26368,class 4
1116,1503,2027,2028,2028,2028,62,25550,class 4
1117,1505,2029,2030,2030,2030,41,24813,class 4
1118,1506,2032,2033,2033,2033,38,29976,class 4
1119,1507,2034,2035,2035,2035,21,25763,class 4
1120,1508,2035,2036,2036,2036,28,28703,class 4
1122,1510,2038,2039,2039,2039,68,23699,class 4
1123,1511,2039,2040,2040,2040,47,27179,class 4
1124,1512,2040,2041,2041,2041,35,23303,class 4
1126,1515,2046,2047,2047,2047,63,22554,class 4
1127,1517,2051,2052,2052,2052,58,20480,class 4
1128,1518,2052,2053,2053,2053,80,29926,class 4
1130,1520,2057,2058,2058,2058,60,26337,class 4
1132,1523,2061,2062,2062,2062,24,21128,class 4
1133,1524,2062,2063,2063,2063,74,23423,class 4
1134,1525,2063,2064,2064,2064,77,21061,class 4
1135,1526,2064,2065,2065,2065,23,21281,class 4
1136,1527,2065,2066,2066,2066,53,27005,class 4
1138,1529,2068,2069,2069,2069,54,27124,class 4
1139,1530,2069,2070,2070,2070,57,29541,class 4
1141,1532,2071,2072,2072,2072,47,26028,class 4
1142,1533,2072,2073,2073,2073,23,27690,class 4
1143,1534,2074,2075,2075,2075,48,29652,class 4
1144,1535,2075,2076,2076,2076,75,28183,class 4
1145,1536,2076,2077,2077,2077,65,28609,class 4
1146,1538,2080,2081,2081,2081,27,26013,class 4
1147,1539,2081,2082,2082,2082,24,28106,class 4
1148,1540,2082,2083,2083,2083,21,28821,class 4
1150,1544,2086,2087,2087,2087,31,22135,class 4
1153,1549,2092,2093,2093,2093,34,20067,class 4
1156,1553,2097,2098,2098,2098,62,25550,class 4
